time,B&H,Classical,Fuzzy,Fuzzy C,Fuzzy PSO,Fuzzy C PSO
1696093200,3000.0,3000.0,3000.0,3000.0,3000.0,3000.0
1696222800,2986.8587132011303,2986.8587132011303,,,,
1696226400,2985.6600777322483,2985.6600777322483,,,,
1696230000,2981.0187594958,2981.0187594958,,,,
1696233600,2968.7939837873973,2968.7939837873973,,,,
1696237200,2971.5955274369885,2971.5955274369885,,,,
1696240800,2974.1005777303485,2974.1005777303485,,,,
1696244400,2978.228565374277,2978.228565374277,,,,
1696248000,2976.8536393784843,2976.8536393784843,,,,
1696251600,2978.164240481081,2978.164240481081,,,,
1696255200,2975.2911086388012,2975.2911086388012,,,,
1696258800,2990.453342177307,2990.453342177307,,,,
1696262400,2990.3860743133755,2990.3860743133755,,,,
1696266000,2990.060014535443,2990.060014535443,,,,
1696269600,2991.4819267183266,2991.4819267183266,,,,
1696273200,2991.1514295653988,2991.1514295653988,,,,
1696305600,2989.861075159428,2989.861075159428,,,,
1696309200,2987.334815201477,2987.334815201477,,,,
1696312800,2986.7881543838485,2986.7881543838485,,,,
1696316400,2971.9663996705963,2971.9663996705963,,,,
1696320000,2964.9869956735743,2964.9869956735743,,,,
1696323600,2990.415167111347,2990.415167111347,,,,
1696327200,2955.320600975847,2955.320600975847,,,,
1696330800,2963.5321549619925,2963.5321549619925,,,,
1696334400,2967.9995264568097,2967.9995264568097,,,,
1696338000,2960.617320961671,2960.617320961671,,,,
1696341600,2958.712323895667,2958.712323895667,,,,
1696345200,2961.654895362027,2961.654895362027,,,,
1696348800,2958.2387806275124,2958.2387806275124,,,,
1696352400,2958.581993775641,2958.581993775641,,,,
1696356000,2960.40239403573,2960.40239403573,,,,
1696359600,2957.0966788247842,2957.0966788247842,,,,
1696392000,2950.237501481013,2950.237501481013,,,,
1696395600,2953.3932466552264,2953.3932466552264,,,,
1696399200,2952.999655313019,2952.999655313019,,,,
1696402800,2964.6748799898023,2964.6748799898023,,,,
1696406400,2968.626705263009,2968.626705263009,,,,
1696410000,2981.00697257919,2981.00697257919,,,,
1696413600,2981.674489474382,2981.674489474382,,,,
1696417200,3000.5799670915744,3000.5799670915744,,,,
1696420800,2997.8808226503497,2997.8808226503497,,,,
1696424400,2988.392104815672,2988.392104815672,,,,
1696428000,2997.922836760783,2997.922836760783,2995.4387604245917,,,
1696431600,3010.600460919058,3010.600460919058,2993.8347281665274,,,
1696435200,3008.6233896253752,3008.6233896253752,,,,
1696438800,3003.385274721698,3003.385274721698,,,,
1696442400,3003.2247009561934,3003.2247009561934,,,,
1696446000,3003.500128481559,3003.500128481559,,,,
1696478400,2996.370573106016,2996.370573106016,,,,
1696482000,2997.8242707341537,2997.8242707341537,,,,
1696485600,3002.416722130038,3002.416722130038,,,,
1696489200,3009.8362522023867,3009.8362522023867,,,,
1696492800,2998.4233405343693,2998.4233405343693,,,,
1696496400,3001.031648209654,3001.031648209654,,,,
1696500000,2988.583595599517,2988.583595599517,,,,
1696503600,2990.4760214056546,2990.4760214056546,,,,
1696507200,2995.34071744912,2995.34071744912,,,,
1696510800,3010.603944227254,3010.603944227254,,,,
1696514400,3018.3926290760573,3018.3926290760573,,,,
1696518000,3013.031272974612,3013.031272974612,,,,
1696521600,3009.9961987450315,3009.9961987450315,,,,
1696525200,3010.0687086633807,3010.0687086633807,,,,
1696528800,3011.1000294267087,3011.1000294267087,,,,
1696532400,3009.223393539103,3009.223393539103,,,,
1696564800,3005.897136129961,3005.897136129961,,,,
1696568400,3009.7986819763023,3009.7986819763023,,,,
1696572000,3015.1694823941907,3015.1694823941907,,,,
1696575600,3010.2401505826174,3010.2401505826174,,,,
1696579200,2977.1349005418692,2977.1349005418692,,,,
1696582800,2989.0191888759887,2989.0191888759887,,,,
1696586400,3004.448202479891,3004.448202479891,,,,
1696590000,3043.028000657154,3043.028000657154,,,,
1696593600,3041.5188304467138,3041.5188304467138,,,,
1696597200,3050.560051868999,3050.560051868999,,,,
1696600800,3057.9056012659908,3057.9056012659908,,,,
1696604400,3049.812015773938,3049.812015773938,,,,
1696608000,3054.7507282761976,3054.7507282761976,2987.619544426676,,,
1696611600,3052.807630284965,3052.807630284965,,,,
1696615200,3054.112463885038,3054.112463885038,,,,
1696618800,3054.1085044218985,3054.1085044218985,,,,
1696824000,3023.080116778793,3023.080116778793,,,,
1696827600,3020.862200047674,3020.862200047674,,,,
1696831200,3022.7090257373648,3022.7090257373648,,,,
1696834800,3022.199157546983,3022.199157546983,,,,
1696838400,3021.1597756049987,3021.1597756049987,,,,
1696842000,3031.601098480745,3031.601098480745,,,,
1696845600,3016.716614177522,3016.716614177522,,,,
1696849200,3025.4877072608947,3025.4877072608947,,,,
1696852800,3027.812329315164,3027.812329315164,,,,
1696856400,3052.6908317715747,3052.6908317715747,2986.03052691974,,,
1696860000,3057.163690314093,3057.163690314093,,,,
1696863600,3054.729410531999,3054.729410531999,,,,
1696867200,3054.0565761329935,3054.0565761329935,,,,
1696870800,3051.330885609416,3051.330885609416,,,,
1696874400,3053.4048824373954,3053.4048824373954,,,,
1696878000,3051.713171043566,3051.713171043566,,,,
1696910400,3063.014149708231,3063.014149708231,2984.456947049363,,,
1696914000,3061.6823506591845,3061.6823506591845,,,,
1696917600,3060.8870282039306,3060.8870282039306,,,,
1696921200,3051.473961367726,3051.473961367726,,,,
1696924800,3053.585974912155,3053.585974912155,,,,
1696928400,3074.8906126840902,3074.8906126840902,2979.5451968830857,,,
1696932000,3085.7331680583247,3085.7331680583247,2978.0413613834053,,,
1696935600,3092.6736904243057,3092.6736904243057,2976.5166071699223,,,
1696939200,3081.684415043349,3081.684415043349,,,,
1696942800,3067.442459769981,3067.442459769981,,,,
1696946400,3064.4896259204147,3064.4896259204147,,,,
1696950000,3064.9503594962957,3064.9503594962957,,,,
1696953600,3064.557127675122,3064.557127675122,,,,
1696957200,3065.3669282364513,3065.3669282364513,,,,
1696960800,3067.4684215784505,3067.4684215784505,,,,
1696964400,3069.7007745229917,3069.7007745229917,,,,
1696996800,3069.608178668921,3069.608178668921,,,,
1697000400,3071.0504367481876,3071.0504367481876,,,,
1697004000,3075.3664805513267,3075.3664805513267,,,,
1697007600,3077.787861080046,3077.787861080046,,,,
1697011200,3077.1357449843,3077.1357449843,,,,
1697014800,3080.5094987413277,3080.5094987413277,,,,
1697018400,3087.736040922168,3087.736040922168,,,,
1697022000,3073.684389785092,3073.684389785092,,,,
1697025600,3072.07271697327,3072.07271697327,,,,
1697029200,3069.258480946272,3069.258480946272,,,,
1697032800,3078.7782042537337,3078.7782042537337,,,,
1697036400,3085.0259647077673,3085.0259647077673,,,,
1697040000,3086.167533235398,3086.167533235398,,,,
1697043600,3084.964347658659,3084.964347658659,,,,
1697047200,3085.375238322531,3085.375238322531,,,,
1697050800,3085.553312392928,3085.553312392928,,,,
1697083200,3089.943990306669,3089.943990306669,,,,
1697086800,3093.88099226815,3093.88099226815,,,,
1697090400,3092.12021298964,3092.12021298964,,,,
1697094000,3091.422003431966,3091.422003431966,,,,
1697097600,3085.8604877617336,3085.8604877617336,,,,
1697101200,3083.831651955159,3083.831651955159,2973.419831057969,,,
1697104800,3088.475234232048,3088.475234232048,2968.594892289165,,,
1697108400,3092.97199876307,3092.97199876307,,,,
1697112000,3094.9449004741555,3094.9449004741555,,,,
1697115600,3064.936007501048,3064.936007501048,,,,
1697119200,3065.281643715007,3065.281643715007,,,,
1697122800,3072.6894939139393,3072.6894939139393,,,,
1697126400,3073.7795744624245,3073.7795744624245,,,,
1697130000,3073.4720944661876,3073.4720944661876,,,,
1697133600,3070.8842675003216,3070.8842675003216,,,,
1697137200,3073.9533714209674,3073.9533714209674,,,,
1697169600,3066.8669810140864,3066.8669810140864,,,,
1697173200,3057.6999653886887,3057.6999653886887,,,,
1697176800,3061.787762730135,3061.787762730135,,,,
1697180400,3063.624566716637,3063.624566716637,,,,
1697184000,3075.1021867011077,3075.1021867011077,,,,
1697187600,3099.750195170719,3099.750195170719,2894.7150388811783,,,
1697191200,3071.1100651116326,3071.1100651116326,,,,
1697194800,3060.434852685487,3060.434852685487,,,,
1697198400,3062.2019933600627,3062.2019933600627,,,,
1697202000,3052.2959263640614,3052.2959263640614,,,,
1697205600,3053.648169291815,3053.648169291815,2892.9588047945476,,,
1697209200,3048.1756628480816,3048.1756628480816,,,,
1697212800,3046.785230285938,3046.785230285938,,,,
1697216400,3045.634349875784,3045.634349875784,,,,
1697220000,3045.3720933745367,3045.3720933745367,,,,
1697223600,3042.4462182851626,3042.4462182851626,,,,
1697428800,3046.475563003877,3046.475563003877,2883.039420259589,2994.9239825270083,2994.9239825270083,2994.9239825270083
1697432400,3053.251879029794,3053.251879029794,,,,
1697436000,3045.8571495984525,3045.8571495984525,,,,
1697439600,3049.0778863322857,3049.0778863322857,,,,
1697443200,3055.451697475254,3055.451697475254,,,,
1697446800,3064.1803138153714,3064.1803138153714,2867.484094082743,,,
1697450400,3077.933419317601,3077.933419317601,2861.4213501204144,,,
1697454000,3070.6638456097053,3070.6638456097053,,,,
1697457600,3069.784520765012,3069.784520765012,2859.8758488350672,,,
1697461200,3072.303877684797,3072.303877684797,,,,
1697464800,3078.9362250759214,3078.9362250759214,,,,
1697468400,3073.1413586518247,3073.1413586518247,,,,
1697472000,3073.4090554405266,3073.4090554405266,,,,
1697475600,3048.3957121852286,3048.3957121852286,2853.7474991051495,,,
1697479200,3072.4173627789305,3072.4173627789305,2851.473523485403,,,
1697482800,3071.1700048647967,3071.1700048647967,,,,
1697515200,3073.4647676921377,3073.4647676921377,,,,
1697518800,3064.432546723166,3064.432546723166,,,,
1697522400,3063.168409013726,3063.168409013726,,,,
1697526000,3061.4713799479887,3061.4713799479887,,,,
1697529600,3050.3451440453787,3050.3451440453787,,,,
1697533200,3050.0948928834873,3050.0948928834873,,,,
1697536800,3066.593666681704,3066.593666681704,,,,
1697540400,3082.6855246950627,3082.6855246950627,,,,
1697544000,3086.3891092754147,3086.3891092754147,,,,
1697547600,3071.8624470197847,3071.8624470197847,,,,
1697551200,3069.315197980438,3069.315197980438,,,,
1697554800,3077.8828960976584,3077.8828960976584,,,,
1697558400,3080.880889845801,3080.880889845801,,,,
1697562000,3074.9660015360396,3074.9660015360396,,,,
1697565600,3077.824613772728,3077.824613772728,,,,
1697569200,3077.3649622242824,3077.3649622242824,,,,
1697601600,3070.743702013982,3070.743702013982,,,,
1697605200,3068.9627529579475,3068.9627529579475,,,,
1697608800,3063.012658170619,3063.012658170619,,,,
1697612400,3067.663460148393,3067.663460148393,,,,
1697616000,3062.4124629997636,3062.4124629997636,,,,
1697619600,3073.0816133725607,3073.0816133725607,,,,
1697623200,3058.180012246635,3058.180012246635,,,,
1697626800,3058.598427668815,3058.598427668815,2843.3830280630423,2991.863581530996,2991.863581530996,2991.863581530996
1697630400,3047.3312487899043,3047.3312487899043,2825.8235375657646,2986.2081669603826,2986.2081669603826,2986.2081669603826
1697634000,3056.696721166916,3056.696721166916,2830.403889908781,2989.2624222795316,2989.2624222795316,
1697637600,3047.2991173091764,3047.2991173091764,,,,
1697641200,3043.976419872873,3043.976419872873,,,,
1697644800,3050.5871838913313,3050.5871838913313,,,,
1697648400,3037.6031659251985,3037.6031659251985,2820.824347038262,2993.725976026984,2993.725976026984,2984.6288051321712
1697652000,3026.7574021387104,3026.7574021387104,2855.202098946184,2987.798116971272,2987.798116971272,2978.7009460764593
1697655600,3022.276835301358,3022.276835301358,2874.8211110327084,,,
1697688000,3012.8159696401253,3012.8159696401253,2877.955576081838,,,
1697691600,3019.8325993579183,3019.8325993579183,,,,
1697695200,3016.922718722952,3016.922718722952,2888.9264871993178,,,
1697698800,3009.931692772117,3009.931692772117,2916.7364907749193,,,
1697702400,3015.92230084447,3015.92230084447,,,,
1697706000,3013.169056493172,3013.169056493172,2933.876522120098,,,
1697709600,3000.0413995271774,3000.0413995271774,2952.8770484551615,,,
1697713200,3003.289773367301,3003.289773367301,,,,
1697716800,3011.359744214774,3011.359744214774,2944.6106004510907,2990.82729861644,2990.82729861644,
1697720400,3005.2222785966896,3005.2222785966896,2958.5247719815848,,,
1697724000,2986.34211299017,2986.34211299017,2980.1165536090894,,,
1697727600,2986.9083217142074,2986.9083217142074,,,,
1697731200,2979.970571520832,2979.970571520832,,,,
1697734800,2976.8915569690753,2976.8915569690753,,,,
1697738400,2975.012551504945,2975.012551504945,,,,
1697742000,2975.7123924070374,2975.7123924070374,,,,
1697774400,2984.51556688101,2984.51556688101,,,,
1697778000,2978.0863635903634,2978.0863635903634,,,,
1697781600,2973.3936571521526,2973.3936571521526,,,,
1697785200,2979.040916888069,2979.040916888069,,,,
1697788800,2971.2650387913377,2971.2650387913377,,,,
1697792400,2974.8254019015576,2974.8254019015576,,,,
1697796000,2955.4912890497853,2955.4912890497853,2988.763286223098,,,
1697799600,2957.666663229255,2957.666663229255,,,,
1697803200,2965.605878551871,2965.605878551871,,,,
1697806800,2961.063639360686,2961.063639360686,,,,
1697810400,2949.6283445665413,2949.6283445665413,,,,
1697814000,2943.069794405535,2943.069794405535,,,,
1697817600,2943.946806205833,2943.946806205833,2985.265676073086,,,
1697821200,2944.6169348934372,2944.6169348934372,,,,
1697824800,2942.5151704836885,2942.5151704836885,2981.7580766072606,,,
1697828400,2944.206933223541,2944.206933223541,,,,
1698033600,2934.319387393128,2934.319387393128,2974.946315758374,,,
1698037200,2915.0368838112877,2915.0368838112877,3002.450259460208,2986.1960626773475,2986.1960626773475,2974.0697101373667
1698040800,2920.6859375938375,2920.6859375938375,,,,
1698044400,2927.2894148365717,2927.2894148365717,,,,
1698048000,2929.1310300912182,2929.1310300912182,,,,
1698051600,2928.5125130336005,2928.5125130336005,3016.6196050158383,,,
1698055200,2947.7511692574467,2947.7511692574467,3012.053709164263,,,
1698058800,2955.0402520723424,2955.0402520723424,,,,
1698062400,2970.890260983999,2970.890260983999,,,,
1698066000,2960.5690774619197,2960.5690774619197,,,,
1698069600,2955.962621208284,2955.962621208284,,,,
1698073200,2938.7558214336923,2938.7558214336923,3008.3813606571293,,,
1698076800,2946.218567367562,2946.218567367562,,,,
1698080400,2944.0578685869314,2944.0578685869314,,,,
1698084000,2944.91217716059,2944.91217716059,,,,
1698087600,2949.117770337963,2949.117770337963,,,,
1698120000,2955.671740101498,2955.671740101498,,,,
1698123600,2960.8909483050843,2960.8909483050843,,,,
1698127200,2960.984878576819,2960.984878576819,,,,
1698130800,2964.1038497318636,2964.1038497318636,,,,
1698134400,2961.0523871004084,2961.0523871004084,,,,
1698138000,2970.415508551878,2970.415508551878,3006.6897976852006,2989.202351985524,2989.202351985524,
1698141600,2965.3609955905617,2965.3609955905617,3031.016406192042,3004.2932860548312,3004.2932860548312,
1698145200,2965.4561941572924,2965.4561941572924,,,,
1698148800,2952.677053486659,2952.677053486659,,,,
1698152400,2962.5903205861755,2962.5903205861755,,,,
1698156000,2967.941122554141,2967.941122554141,,,,
1698159600,2969.8518358922333,2969.8518358922333,,,,
1698163200,2987.726535852628,2987.726535852628,3012.0666645191927,,,
1698166800,2991.027957704521,2991.027957704521,2989.916988200721,,,
1698170400,2985.866584170994,2985.866584170994,,,,
1698174000,2986.1748203200837,2986.1748203200837,,,,
1698206400,2980.1188077004917,2980.1188077004917,,,,
1698210000,2977.8491996832645,2977.8491996832645,,,,
1698213600,2982.3439594915326,2982.3439594915326,,,,
1698217200,2981.60257805537,2981.60257805537,,,,
1698220800,2978.7479819240957,2978.7479819240957,,,,
1698224400,2980.2102011598554,2980.2102011598554,,,,
1698228000,2975.465697042715,2975.465697042715,2977.6984227909074,,,
1698231600,2968.385012781346,2968.385012781346,,,,
1698235200,2967.0039466132143,2967.0039466132143,,,,
1698238800,2960.02263977128,2960.02263977128,,,,
1698242400,2960.0871182048304,2960.0871182048304,,,,
1698246000,2956.981724600966,2956.981724600966,,,,
1698249600,2961.13942839117,2961.13942839117,,,,
1698253200,2956.963053354524,2956.963053354524,,,,
1698256800,2948.223717492565,2948.223717492565,2966.9538752605517,3002.7928495886404,3002.7928495886404,2972.569273671176
1698260400,2938.9300785008327,2938.9300785008327,2951.900038206187,3000.2100933513007,2999.693382832351,2969.986517433836
1698292800,2933.508724129156,2933.508724129156,2947.2535813978916,2998.6493024383853,2998.1325919194355,2968.4257265209208
1698296400,2938.1086822017596,2938.1086822017596,,,,
1698300000,2936.2915837309542,2936.2915837309542,,,,
1698303600,2935.247682117055,2935.247682117055,,,,
1698307200,2956.0747496121926,2956.0747496121926,,,,
1698310800,2940.0398051661514,2940.0398051661514,,,,
1698314400,2953.0876869585773,2953.0876869585773,2906.682114387205,2995.5734071820057,2995.056696663056,2965.349831264541
1698318000,2933.861516901149,2933.861516901149,2899.5831287282886,2992.335515753062,2991.818805234112,2962.1119398355972
1698321600,2913.0114325524437,2913.0114325524437,2860.8963243115472,2990.666015270547,,2960.4424393530826
1698325200,2920.7555029753917,2920.7555029753917,,,,
1698328800,2940.447002162815,2940.447002162815,,,,
1698332400,2917.116339625527,2917.116339625527,2856.8950635285,,,
1698336000,2916.8252181823937,2916.8252181823937,2807.520442235574,2985.905554962518,2968.992397472497,2955.6819790450536
1698339600,2920.2472552431277,2920.2472552431277,,,,
1698343200,2927.7509654786672,2927.7509654786672,,,,
1698346800,2933.4269445065283,2933.4269445065283,,,,
1698379200,2940.2759730946054,2940.2759730946054,,,,
1698382800,2941.3296992909704,2941.3296992909704,2805.9954622341197,,,
1698386400,2931.0077358415792,2931.0077358415792,,,,
1698390000,2921.1013557945803,2921.1013557945803,2800.788898100289,,,
1698393600,2929.7761005522434,2929.7761005522434,2797.287842879283,,,
1698397200,2922.6800631666993,2922.6800631666993,2764.721621235714,2977.238662012497,2959.8093046323056,2947.0150860950325
1698400800,2919.847716223842,2919.847716223842,2756.626554677121,2967.445832975419,2950.0164755952273,2937.2222570579543
1698404400,2924.705066632514,2924.705066632514,,,,
1698408000,2907.3657044548168,2907.3657044548168,2763.619847970674,,,
1698411600,2898.6869558355343,2898.6869558355343,2758.9617763598817,,,
1698415200,2888.7270226286078,2888.7270226286078,2698.0696608995277,2957.7707453039097,2938.7351737074086,2930.9018231893374
1698418800,2895.659341744591,2895.659341744591,,2956.2671098216024,,
1698422400,2896.282402619401,2896.282402619401,,,,
1698426000,2894.025763411136,2894.025763411136,,,,
1698429600,2895.3429517757063,2895.3429517757063,,,,
1698433200,2894.5009403539157,2894.5009403539157,,,,
1698638400,2915.946877137819,2915.946877137819,,,,
1698642000,2917.0871089506686,2917.0871089506686,,,,
1698645600,2917.362150226996,2917.362150226996,,,,
1698649200,2918.3567783065114,2918.3567783065114,,,,
1698652800,2913.6476675996028,2913.6476675996028,,,,
1698656400,2936.615883311668,2936.615883311668,,,,
1698660000,2911.6572309103462,2911.6572309103462,2649.6612412408567,2951.873539854701,2934.906717022732,2926.508253222436
1698663600,2915.807193987233,2915.807193987233,,,,
1698667200,2902.642064195115,2902.642064195115,2727.577023598628,,,
1698670800,2922.1148174000223,2922.1148174000223,,,,
1698674400,2920.742488056856,2920.742488056856,,,,
1698678000,2919.309781031305,2919.309781031305,,,,
1698681600,2917.7131776475794,2917.7131776475794,,,,
1698685200,2916.5433590485304,2916.5433590485304,,,,
1698688800,2914.116558300626,2914.116558300626,,,,
1698692400,2914.295567374277,2914.295567374277,,,,
1698724800,2916.0136664112265,2916.0136664112265,2752.480343438725,,,
1698728400,2918.001407742733,2918.001407742733,2844.392059786429,,,
1698732000,2916.9448923777,2916.9448923777,,,,
1698735600,2916.0793516805707,2916.0793516805707,,,,
1698739200,2918.447300093016,2918.447300093016,,,,
1698742800,2922.6030181536535,2922.6030181536535,,,,
1698746400,2927.519315592863,2927.519315592863,,,,
1698750000,2926.0769352457974,2926.0769352457974,,,,
1698753600,2929.9174898488363,2929.9174898488363,,,,
1698757200,2944.080562993882,2944.080562993882,,,,
1698760800,2945.56297969858,2945.56297969858,,,,
1698764400,2946.921541969545,2946.921541969545,2838.29555390547,,,
1698768000,2940.9146282878805,2940.9146282878805,,,,
1698771600,2942.8267364535645,2942.8267364535645,,,,
1698775200,2940.5642040114717,2940.5642040114717,,,,
1698778800,2941.25467476541,2941.25467476541,,,,
1698811200,2944.0043305960103,2944.0043305960103,,,,
1698814800,2940.43105098401,2940.43105098401,,,,
1698818400,2941.6917683421,2941.6917683421,,,,
1698822000,2936.6317761456735,2936.6317761456735,,,,
1698825600,2952.1667677683317,2952.1667677683317,,,,
1698829200,2953.5356458991537,2953.5356458991537,2819.1483810669474,,,
1698832800,2959.4187259783057,2959.4187259783057,2789.940412031254,,,
1698836400,2955.6309798682037,2955.6309798682037,,,,
1698840000,2948.6652756801777,2948.6652756801777,,,,
1698843600,2949.1374355689136,2949.1374355689136,,,,
1698847200,2959.7376800825164,2959.7376800825164,,,,
1698850800,2970.874248714388,2970.874248714388,2697.8773355443836,,,
1698854400,2973.7809801380363,2973.7809801380363,,,,
1698858000,2979.440534903205,2979.440534903205,2688.0535150652254,,,
1698861600,2979.186031839023,2979.186031839023,2678.3221838532863,,,
1698865200,2981.611233553981,2981.611233553981,,,,
1698897600,2995.1968248123862,2995.1968248123862,2618.849815287414,2958.044169809311,2941.077346977342,2932.678883177046
1698901200,2995.2759192612634,2995.2759192612634,2529.153247475375,,,
1698904800,2998.775546137547,2998.775546137547,2523.5190587858615,,,
1698908400,3002.2257884556197,3002.2257884556197,2521.981840064142,,,
1698912000,3012.238400911405,3012.238400911405,2492.846819320579,,,
1698915600,3011.356538974476,3011.356538974476,2535.285683382825,,,
1698919200,3032.8787963349405,3032.8787963349405,2436.215924634661,,,
1698922800,3028.7681334753215,3028.7681334753215,2431.2385324779493,,,
1698926400,3032.2501214242484,3032.2501214242484,,,,
1698930000,3042.1253155796167,3042.1253155796167,2382.1318669612597,,,
1698933600,3043.79053199387,3043.79053199387,2437.227856690222,,,
1698937200,3046.7340505090533,3046.7340505090533,2434.1503526126303,,,
1698940800,3037.1972878736633,3037.1972878736633,,,,
1698944400,3018.6667470608077,3018.6667470608077,,,,
1698948000,3028.5734488556113,3028.5734488556113,2429.5735663760115,,,
1698951600,3024.873821686762,3024.873821686762,,,,
1698984000,3026.0879515847237,3026.0879515847237,2430.217630296564,,,
1698987600,3024.9606903158146,3024.9606903158146,2428.2489270250117,,,
1698991200,3027.9501266692273,3027.9501266692273,,,,
1698994800,3036.9492712644515,3036.9492712644515,,,,
1698998400,3053.7286086021495,3053.7286086021495,2512.9356394104525,,,
1699002000,3069.3951290310647,3069.3951290310647,2333.2987669895874,2967.5610536588824,2950.5942308269136,2935.6827958720914
1699005600,3069.2535235008017,3069.2535235008017,2317.7655316637506,2988.073021569448,2972.1290194611634,2941.759543906888
1699009200,3066.102915914319,3066.102915914319,2298.7243382352494,2991.114496223826,2975.1704941155413,2944.801018561266
1699012800,3073.0886602048095,3073.0886602048095,2304.1011010072725,,,
1699016400,3070.4420928615223,3070.4420928615223,2307.127699234057,,,
1699020000,3075.525691587768,3075.525691587768,2304.0528755868754,,,
1699023600,3071.968267520484,3071.968267520484,,,,
1699027200,3071.717211098947,3071.717211098947,,,,
1699030800,3072.031667233029,3072.031667233029,,,,
1699034400,3072.1626027574434,3072.1626027574434,,,,
1699038000,3072.0906853862343,3072.0906853862343,,,,
1699243200,3088.2419290258226,3088.2419290258226,2292.878874101227,,,
1699246800,3085.3123678968805,3085.3123678968805,,,,
1699250400,3060.762945097552,3060.762945097552,,,,
1699254000,3082.716577548056,3082.716577548056,,,,
1699257600,3079.203499844751,3079.203499844751,,,,
1699261200,3086.579026205297,3086.579026205297,2224.836915664707,,,
1699264800,3086.6287360522747,3086.6287360522747,,,,
1699268400,3091.6584640249707,3091.6584640249707,2172.1507623562206,,,
1699272000,3084.4348869492956,3084.4348869492956,,,,
1699275600,3077.3953249999304,3077.3953249999304,,,,
1699279200,3086.729504600989,3086.729504600989,2165.979854980377,,,
1699282800,3093.250196842861,3093.250196842861,2152.21360889517,,,
1699286400,3090.6582086349135,3090.6582086349135,,,,
1699290000,3086.653913072528,3086.653913072528,,,,
1699293600,3087.3561235544385,3087.3561235544385,,,,
1699297200,3086.0273158090204,3086.0273158090204,,,,
1699329600,3085.479476723524,3085.479476723524,,,,
1699333200,3085.821956609454,3085.821956609454,,,,
1699336800,3054.588010986427,3054.588010986427,,,,
1699340400,3086.789509812033,3086.789509812033,2158.361803737349,2997.2626910660047,2981.31868895772,2950.949213403445
1699344000,3091.95423732091,3091.95423732091,,3000.273723857914,2984.3297217496292,2953.960246195354
1699347600,3098.200555071306,3098.200555071306,2129.3477304756398,,,
1699351200,3106.891805482424,3106.891805482424,2136.1369435664537,3006.5020109442967,2990.558008836012,2960.188533281737
1699354800,3109.89414296532,3109.89414296532,2130.9424104651375,3009.516065886343,2993.5720637780582,2963.202588223783
1699358400,3111.746075246663,3111.746075246663,2126.761964444269,,,
1699362000,3119.375045430229,3119.375045430229,2112.7248679097643,3012.5299184897817,2996.585916381497,2966.216440827222
1699365600,3118.5189430395903,3118.5189430395903,2115.7463743718,,,
1699369200,3122.704488665236,3122.704488665236,2120.594766227374,,,
1699372800,3120.705209103823,3120.705209103823,,,,
1699376400,3121.4285107750884,3121.4285107750884,2119.5791493465545,,,
1699380000,3120.101329016678,3120.101329016678,,,,
1699383600,3121.8402566801624,3121.8402566801624,,,,
1699416000,3120.0748363251505,3120.0748363251505,,,,
1699419600,3119.508720625953,3119.508720625953,,,,
1699423200,3121.6557174787085,3121.6557174787085,,,,
1699426800,3122.1727351631857,3122.1727351631857,,,,
1699430400,3120.768725390343,3120.768725390343,,,,
1699434000,3131.664582492691,3131.664582492691,2138.2811482880816,,,
1699437600,3122.964816153827,3122.964816153827,,,,
1699441200,3117.5617802191555,3117.5617802191555,,,,
1699444800,3117.648076699663,3117.648076699663,,,,
1699448400,3122.3714695324957,3122.3714695324957,2154.4570867725324,,,
1699452000,3121.0436059939166,3121.0436059939166,,,,
1699455600,3129.3683945027215,3129.3683945027215,2183.8863724541634,3017.538097554144,3002.597730707901,2971.224619891584
1699459200,3124.1432672832993,3124.1432672832993,,,,
1699462800,3125.486017995313,3125.486017995313,,,,
1699466400,3125.246108524688,3125.246108524688,,,,
1699470000,3122.898942438622,3122.898942438622,,,,
1699502400,3119.980665236568,3119.980665236568,2170.243126269924,,,
1699506000,3122.585926536396,3122.585926536396,2159.9241578359547,,,
1699509600,3120.96398227759,3120.96398227759,,,,
1699513200,3118.4231970591827,3118.4231970591827,,,,
1699516800,3117.968680311358,3117.968680311358,2163.1356226791677,3020.539550162787,3005.599183316544,2974.226072500227
1699520400,3110.7412882946846,3110.7412882946846,2174.462856070327,,,
1699524000,3104.072887587177,3104.072887587177,,,,
1699527600,3102.9341170999164,3102.9341170999164,2126.6149553297128,3023.5750619773817,3008.634695131139,2977.261584314822
1699531200,3096.6783414878355,3096.6783414878355,1543.4449485250689,3022.60995729435,,2976.29647963179
1699534800,3084.9750480312514,3084.9750480312514,1294.3569631138012,,,
1699538400,3074.3122720224815,3074.3122720224815,1065.9948250126354,3014.486015596612,,2968.1725379340523
1699542000,3081.2894936773273,3081.2894936773273,,,,
1699545600,3080.183302400033,3080.183302400033,,,,
1699549200,3086.8650037531015,3086.8650037531015,,,,
1699552800,3076.3155537266994,3076.3155537266994,,,,
1699556400,3074.7045708511587,3074.7045708511587,,,,
1699588800,3074.30670667646,3074.30670667646,1002.0930109607195,3012.9782591374883,,2966.6647814749285
1699592400,3072.7904692900684,3072.7904692900684,,,,
1699596000,3071.446112190887,3071.446112190887,941.1522966849748,,,
1699599600,3084.509985338576,3084.509985338576,,,,
1699603200,3088.7353800760006,3088.7353800760006,,,,
1699606800,3100.7552441011094,3100.7552441011094,952.494367376231,,,
1699610400,3090.3355936159132,3090.3355936159132,959.9368116019767,,,
1699614000,3100.533536698985,3100.533536698985,943.08618131409,,,
1699617600,3114.5188200307925,3114.5188200307925,1034.5366923648357,,,
1699621200,3119.6773365170557,3119.6773365170557,1037.9655989967864,,,
1699624800,3119.680301906978,3119.680301906978,,,,
1699628400,3126.86380616962,3126.86380616962,1008.023312374605,,,
1699632000,3123.3059990326565,3123.3059990326565,,,,
1699635600,3121.9767017224967,3121.9767017224967,,,,
1699639200,3123.2241501046615,3123.2241501046615,,,,
1699642800,3122.864263825969,3122.864263825969,,,,
1699848000,3124.507622412574,3124.507622412574,,,,
1699851600,3124.245730995651,3124.245730995651,1017.7778288262216,,,
1699855200,3123.7546949949915,3123.7546949949915,,,,
1699858800,3124.455813213458,3124.455813213458,,,,
1699862400,3121.0723630687708,3121.0723630687708,,,,
1699866000,3106.432037943462,3106.432037943462,,,,
1699869600,3116.991344962529,3116.991344962529,-124.38182165708827,,,
1699873200,3126.219057906174,3126.219057906174,-195.86196639085597,,,
1699876800,3119.004839929611,3119.004839929611,-221.8767694028444,,,
1699880400,3118.0311874679055,3118.0311874679055,,,,
1699884000,3119.8548994990533,3119.8548994990533,,,,
1699887600,3120.1253514875025,3120.1253514875025,-247.25016925485073,,,
1699891200,3120.3600349133385,3120.3600349133385,,,,
1699894800,3122.296528186287,3122.296528186287,,,,
1699898400,3123.3411070883267,3123.3411070883267,-427.01435660504666,,,
1699902000,3128.552540481167,3128.552540481167,-619.2838906220159,,,
1699934400,3134.293834028894,3134.293834028894,-476.4114196002687,,,
1699938000,3132.6638304330736,3132.6638304330736,,,,
1699941600,3104.2068670932113,3104.2068670932113,,,,
1699945200,3131.649176197524,3131.649176197524,,,,
1699948800,3182.5660076004724,3182.5660076004724,-146.00140134658386,3030.6251944146197,3066.5314535408347,2984.3117167520604
1699952400,3176.183481168101,3176.183481168101,-151.95006993567688,,,
1699956000,3179.065349011514,3179.065349011514,-174.24918959831038,,,
1699959600,3175.755088554546,3175.755088554546,,,,
1699963200,3184.0824733284876,3184.0824733284876,,,,
1699966800,3178.2107032793633,3178.2107032793633,,,,
1699970400,3189.759679587964,3189.759679587964,-65.65074995610672,,,
1699974000,3186.1977446072196,3186.1977446072196,14.898071447004611,,,
1699977600,3190.5735663565774,3190.5735663565774,,,,
1699981200,3191.4751721999273,3191.4751721999273,205.54776604861985,3036.726547065989,,2990.4130694034297
1699984800,3194.824817645863,3194.824817645863,599.6527676567958,3049.2328802283755,3068.0949199293555,3002.919402565816
1699988400,3197.78581348772,3197.78581348772,,,,
1700020800,3200.1712869539674,3200.1712869539674,595.6184246899448,,,
1700024400,3204.739354469353,3204.739354469353,598.624042667473,,,
1700028000,3210.4907287889173,3210.4907287889173,,,,
1700031600,3209.5185336777977,3209.5185336777977,588.3880746930386,,,
1700035200,3201.4736537123695,3201.4736537123695,,,,
1700038800,3213.5721816250507,3213.5721816250507,578.9715833198645,,,
1700042400,3235.912670229856,3235.912670229856,621.9896526251626,,,
1700046000,3219.7874022493284,3219.7874022493284,628.2195655796946,,,
1700049600,3223.363997684761,3223.363997684761,,,,
1700053200,3225.956338492102,3225.956338492102,,,,
1700056800,3226.715779520006,3226.715779520006,,,,
1700060400,3221.050309696689,3221.050309696689,,,,
1700064000,3219.906606821898,3219.906606821898,,,,
1700067600,3214.996143261553,3214.996143261553,,,,
1700071200,3222.310819679784,3222.310819679784,,,,
1700074800,3220.2137912799544,3220.2137912799544,,,,
1700107200,3219.3059488963245,3219.3059488963245,,,,
1700110800,3222.029686268065,3222.029686268065,,,,
1700114400,3219.9903442296895,3219.9903442296895,,,,
1700118000,3214.382666873785,3214.382666873785,,,,
1700121600,3220.291766507749,3220.291766507749,,,,
1700125200,3233.363484130368,3233.363484130368,646.9992856050737,3064.3993337006227,3083.2613734016027,3018.0858560380634
1700128800,3216.109421661784,3216.109421661784,,,,
1700132400,3216.2036868145615,3216.2036868145615,,,,
1700136000,3222.6019236501047,3222.6019236501047,,,,
1700139600,3211.8884484908785,3211.8884484908785,34.906660450292065,3062.879220699333,3081.741260400313,3016.5657430367737
1700143200,3215.0312355402166,3215.0312355402166,46.19710670373057,,,
1700146800,3223.7131248487954,3223.7131248487954,-48.38563341451437,,,
1700150400,3226.202931732823,3226.202931732823,-59.79944162711375,,,
1700154000,3221.923947532566,3221.923947532566,-96.89136096705924,,,
1700157600,3221.4319920704484,3221.4319920704484,,,,
1700161200,3222.9358903406273,3222.9358903406273,-390.45304076172806,3059.8031969013496,3078.6652366023295,3013.4897192387903
1700193600,3229.0214700647966,3229.0214700647966,-394.59244797866654,,,
1700197200,3233.4221365852945,3233.4221365852945,-445.95454810629406,,,
1700200800,3231.9489685756434,3231.9489685756434,,,,
1700204400,3231.6395022911884,3231.6395022911884,-449.4506211756736,,,
1700208000,3226.2572911939874,3226.2572911939874,,,,
1700211600,3207.6188192142395,3207.6188192142395,-392.2520480883972,,,
1700215200,3207.7677166649933,3207.7677166649933,,,,
1700218800,3213.864405645575,3213.864405645575,,,,
1700222400,3216.360597896797,3216.360597896797,,,,
1700226000,3218.9766149592306,3218.9766149592306,-389.17540832587247,,,
1700229600,3216.1758217055203,3216.1758217055203,,,,
1700233200,3211.3612170935075,3211.3612170935075,-359.36341861045827,,,
1700236800,3205.422355895245,3205.422355895245,,,,
1700240400,3205.2220097574677,3205.2220097574677,,,,
1700244000,3204.2018799372427,3204.2018799372427,,,,
1700247600,3205.154719938978,3205.154719938978,,,,
1700452800,3228.200189808835,3228.200189808835,-497.3268719870817,,,
1700456400,3223.376636201453,3223.376636201453,,,,
1700460000,3227.3923219293642,3227.3923219293642,,,,
1700463600,3218.24764524771,3218.24764524771,,,,
1700467200,3216.677539817278,3216.677539817278,,,,
1700470800,3223.3413950501103,3223.3413950501103,-526.6335575704229,3062.8614577208045,3081.7234974217845,3016.5479800582452
1700474400,3220.483049060699,3220.483049060699,-531.551372024398,,,
1700478000,3224.9644662490864,3224.9644662490864,-486.8086204840529,3065.8890895837967,3084.9489811948347,3019.5756119212374
1700481600,3224.7168807831076,3224.7168807831076,-480.76912850393245,,,
1700485200,3233.658603019963,3233.658603019963,-556.1499535801688,3074.9828797518603,3096.576099721939,3028.669402089301
1700488800,3241.2629842264478,3241.2629842264478,-537.2273299728524,3078.033471786306,,3031.719994123747
1700492400,3239.919402845978,3239.919402845978,,,,
1700496000,3238.4169727426365,3238.4169727426365,,,,
1700499600,3239.035671087549,3239.035671087549,,,,
1700503200,3240.985225366896,3240.985225366896,,,,
1700506800,3243.2100843546505,3243.2100843546505,-540.7255319736144,,,
1700539200,3241.4951098123756,3241.4951098123756,,,,
1700542800,3242.2144471440033,3242.2144471440033,-528.6428693764091,3081.0441479428896,3099.5867758785225,3034.7306702803303
1700546400,3236.423969008163,3236.423969008163,,,,
1700550000,3236.466486187589,3236.466486187589,,,,
1700553600,3225.4613334956075,3225.4613334956075,,,,
1700557200,3241.3137528722737,3241.3137528722737,,,,
1700560800,3235.8898512364653,3235.8898512364653,,,,
1700564400,3234.518354118125,3234.518354118125,,,,
1700568000,3238.519241166996,3238.519241166996,,,,
1700571600,3235.6555065886846,3235.6555065886846,,,,
1700575200,3238.923259866508,3238.923259866508,,,,
1700578800,3239.3754986509853,3239.3754986509853,,,,
1700582400,3235.682635142171,3235.682635142171,,,,
1700586000,3235.296410470842,3235.296410470842,,,,
1700589600,3234.118215173419,3234.118215173419,,,,
1700593200,3234.265979809055,3234.265979809055,,,,
1700625600,3242.8917584359688,3242.8917584359688,,,,
1700629200,3248.513112486247,3248.513112486247,,,,
1700632800,3248.5951569678878,3248.5951569678878,,,,
1700636400,3250.9318169402013,3250.9318169402013,,,,
1700640000,3253.2298461352793,3253.2298461352793,,,,
1700643600,3246.0658310475837,3246.0658310475837,-519.4250515989869,,,
1700647200,3239.122165064224,3239.122165064224,-513.4034089776362,3090.0807159373744,3108.6233438730073,3043.767238274815
1700650800,3245.0846832785833,3245.0846832785833,-520.4805251430894,3096.1378571712307,3111.6772616111616,3049.8243795086714
1700654400,3244.666934795362,3244.666934795362,-517.4764828765834,,,
1700658000,3248.883133130342,3248.883133130342,-567.0823356399461,3105.338589617765,3120.877994057696,3059.025111955206
1700661600,3244.5567052419183,3244.5567052419183,,,,
1700665200,3247.630577194539,3247.630577194539,,,,
1700668800,3246.313213809372,3246.313213809372,,,,
1700672400,3244.1541190806943,3244.1541190806943,,,,
1700676000,3245.212872487066,3245.212872487066,,,,
1700679600,3246.7651921977535,3246.7651921977535,,,,
1700798400,3243.6160052829005,3243.6160052829005,,,,
1700802000,3242.986074926,3242.986074926,,,,
1700805600,3244.0347654726643,3244.0347654726643,,,,
1700809200,3246.437230500593,3246.437230500593,,,,
1700812800,3244.519183971652,3244.519183971652,,,,
1700816400,3246.895239874687,3246.895239874687,-580.3568052852308,,,
1700820000,3247.9432035680306,3247.9432035680306,-562.3196772242324,3111.387948933834,3150.7992424340887,3065.074471271275
1700823600,3241.7446793652152,3241.7446793652152,,,,
1700827200,3245.1016364036122,3245.1016364036122,,,,
1700830800,3242.4463907704876,3242.4463907704876,,,,
1700834400,3244.0837237031537,3244.0837237031537,,,,
1700838000,3244.973948153544,3244.973948153544,,,,
1700841600,3244.5825094366614,3244.5825094366614,,,,
1700845200,3135.0316326070742,3135.0316326070742,,,,
1701057600,3235.7091201774692,3235.7091201774692,,,,
1701061200,3240.8636507339957,3240.8636507339957,,,,
1701064800,3237.083363771995,3237.083363771995,,,,
1701068400,3241.9053270462286,3241.9053270462286,,,,
1701072000,3242.807863169063,3242.807863169063,,,,
1701075600,3238.5702165235434,3238.5702165235434,,,,
1701079200,3243.651793124981,3243.651793124981,-570.2934642948098,,,
1701082800,3250.0987598113406,3250.0987598113406,-555.181308976148,3114.408509945634,3153.8198034458883,3068.0950322830745
1701086400,3255.8040251861453,3255.8040251861453,-552.7928495048827,,,
1701090000,3255.7926822513064,3255.7926822513064,-552.8565348784242,3120.4737049912246,3159.884998491479,3074.1602273286653
1701093600,3251.6015065766087,3251.6015065766087,,,,
1701097200,3249.441930435077,3249.441930435077,,,,
1701100800,3249.002413497646,3249.002413497646,,,,
1701104400,3249.149184122725,3249.149184122725,,,,
1701108000,3250.2456205939407,3250.2456205939407,,,,
1701111600,3252.4780147611777,3252.4780147611777,,,,
1701144000,3249.87083320242,3249.87083320242,,,,
1701147600,3250.7691967960664,3250.7691967960664,,,,
1701151200,3250.2766478710314,3250.2766478710314,,,,
1701154800,3247.0208382342,3247.0208382342,,,,
1701158400,3248.409724522495,3248.409724522495,,,,
1701162000,3252.2098915607517,3252.2098915607517,,,,
1701165600,3268.3899859634203,3268.3899859634203,-572.1888474750207,,,
1701169200,3279.8161048999987,3279.8161048999987,,3123.49598991579,3163.6752421776305,3077.1825122532305
1701172800,3275.248065147977,3275.248065147977,,,,
1701176400,3275.593019597918,3275.593019597918,-2266.6303528621715,,,
1701180000,3280.47640682521,3280.47640682521,-4860.635707904141,,,
1701183600,3284.046770170383,3284.046770170383,-5201.250491095062,3126.5120363872916,3165.539929803432,3080.1985587247323
1701187200,3283.9268006161947,3283.9268006161947,-7506.89529317936,,,
1701190800,3283.0684257758726,3283.0684257758726,-8153.709945056251,,,
1701194400,3287.2971845464826,3287.2971845464826,-9455.411013124849,,,
1701198000,3289.8995937571126,3289.8995937571126,-9076.96174211199,3129.5679847698266,,3083.2545071072673
1701230400,3296.6356437349277,3296.6356437349277,-8978.465095159274,3132.584641154774,,3086.271163492215
1701234000,3297.3754847916002,3297.3754847916002,,,,
1701237600,3302.0126686800977,3302.0126686800977,-8559.128313259032,3135.622415214825,,3089.308937552266
1701241200,3305.4806786502995,3305.4806786502995,-8530.988090856488,,,
1701244800,3305.536288528251,3305.536288528251,-8533.228269786383,,,
1701248400,3315.868738717155,3315.868738717155,-8091.51808932145,3143.923083866288,3171.679726906489,3097.6096062037286
1701252000,3309.354855491744,3309.354855491744,-8067.1243496514835,3159.352396303544,3184.098187510282,3113.038918640985
1701255600,3298.830017049516,3298.830017049516,,,,
1701259200,3302.058459994766,3302.058459994766,,,,
1701262800,3299.3521355686607,3299.3521355686607,-8061.289607750948,,,
1701266400,3291.6250714269772,3291.6250714269772,,,,
1701270000,3284.1904494854425,3284.1904494854425,,,,
1701273600,3286.078690686417,3286.078690686417,,,,
1701277200,3289.390192119317,3289.390192119317,,,,
1701280800,3285.513710327128,3285.513710327128,,,,
1701284400,3288.3640213849667,3288.3640213849667,,,,
1701316800,3291.546732462068,3291.546732462068,,,,
1701320400,3261.8736761160135,3261.8736761160135,,,,
1701324000,3290.290902940598,3290.290902940598,,,,
1701327600,3296.807460824689,3296.807460824689,,,,
1701331200,3291.4585970504377,3291.4585970504377,,,,
1701334800,3282.566767702276,3282.566767702276,-8059.365283112225,,,
1701338400,3281.62593568491,3281.62593568491,-7998.030090112646,3165.392337148861,,3119.0788594863016
1701342000,3273.252092255641,3273.252092255641,,,,
1701345600,3277.150204965726,3277.150204965726,,,,
1701349200,3269.69329967736,3269.69329967736,,,,
1701352800,3280.8429779117223,3280.8429779117223,-7953.038614628109,3168.437521705501,,3122.1240440429415
1701356400,3290.1224620603098,3290.1224620603098,-7979.329199562678,,,
1701360000,3279.2371198478304,3279.2371198478304,-11097.232751596228,3164.4295305633646,,3118.1160529008052
1701363600,3281.649418360772,3281.649418360772,,,,
1701367200,3279.426107553928,3279.426107553928,,,,
1701370800,3280.826802821147,3280.826802821147,,,,
1701403200,3288.298894651998,3288.298894651998,-11089.046833396236,3167.474098083192,3187.1427550301096,3121.1606204206328
1701406800,3285.1319280805405,3285.1319280805405,,,,
1701410400,3283.9356851994517,3283.9356851994517,,,,
1701414000,3273.399354917329,3273.399354917329,,,,
1701417600,3270.8475001829324,3270.8475001829324,-11617.837854165673,,,
1701421200,3279.8636144367,3279.8636144367,-11635.925295600111,,,
1701424800,3279.984367158789,3279.984367158789,-11581.619321541837,,,
1701428400,3297.8839815160704,3297.8839815160704,-11748.388263036019,3185.4915215472574,3196.352965282096,3129.9678336327115
1701432000,3309.0255351311703,3309.0255351311703,-11892.148682101579,3194.6961031841533,3205.557546918992,
1701435600,3299.8893905835557,3299.8893905835557,-11997.362929836427,3197.7120692014378,3208.5735129362765,
1701439200,3310.7696052113406,3310.7696052113406,-12250.207133192285,3205.0947990300797,3215.8548505210365,
1701442800,3311.522198284083,3311.522198284083,-12333.896238858086,3209.3713651790626,3219.198192222291,
1701446400,3309.313538358966,3309.313538358966,,,,
1701450000,3313.2227157907223,3313.2227157907223,-12359.009416899491,,,
1701453600,3312.6240660850135,3312.6240660850135,-12381.819108416194,,,
1701457200,3315.363369194435,3315.363369194435,-12404.58201302026,,,
1701662400,3302.974535869322,3302.974535869322,,,,
1701666000,3303.0018511709977,3303.0018511709977,,,,
1701669600,3299.4313841833114,3299.4313841833114,,,,
1701673200,3302.5391070189057,3302.5391070189057,,,,
1701676800,3290.9837933893746,3290.9837933893746,,,,
1701680400,3299.376408252613,3299.376408252613,-12596.796611897827,,,
1701684000,3281.3835142784574,3281.3835142784574,,,,
1701687600,3296.2835798098345,3296.2835798098345,,,,
1701691200,3303.11097966338,3303.11097966338,,,,
1701694800,3302.87088695729,3302.87088695729,-12574.967474565734,,,
1701698400,3302.5178420543175,3302.5178420543175,-12647.80769017251,,,
1701702000,3306.03527245523,3306.03527245523,-12609.853176667708,,,
1701705600,3304.632343053535,3304.632343053535,,,,
1701709200,3304.6632318978245,3304.6632318978245,,,,
1701712800,3305.3411642140936,3305.3411642140936,,,,
1701716400,3304.247762676181,3304.247762676181,,,,
1701748800,3298.10131889941,3298.10131889941,-12483.576836227934,,,
1701752400,3290.716171028125,3290.716171028125,-14230.55166978531,,,
1701756000,3291.593113174302,3291.593113174302,,,,
1701759600,3295.156133014931,3295.156133014931,,,,
1701763200,3297.565948732923,3297.565948732923,,,,
1701766800,3321.072709184831,3321.072709184831,-14220.581212401901,3212.453086593736,3240.03863234615,3133.0495550473847
1701770400,3349.771677069063,3349.771677069063,-14260.605606542054,3234.498345529693,3250.8423904392134,3155.0948139833417
1701774000,3338.633848767735,3338.633848767735,-14281.574789214459,,,
1701777600,3339.744327413819,3339.744327413819,,,,
1701781200,3332.9279344737047,3332.9279344737047,-14301.509725223443,,,
1701784800,3336.1022124748038,3336.1022124748038,,,,
1701788400,3332.1322126728505,3332.1322126728505,,,,
1701792000,3333.1683919137868,3333.1683919137868,,,,
1701795600,3331.471156477115,3331.471156477115,,,,
1701799200,3335.005698739343,3335.005698739343,-14278.733330883651,,,
1701802800,3340.0276942295854,3340.0276942295854,,,,
1701835200,3339.483005862116,3339.483005862116,,,,
1701838800,3340.9190631587253,3340.9190631587253,,,,
1701842400,3337.275123342872,3337.275123342872,,,,
1701846000,3339.9799826042336,3339.9799826042336,,,,
1701849600,3342.7971080135126,3342.7971080135126,,,,
1701853200,3345.6296352659024,3345.6296352659024,-14136.409809164872,,,
1701856800,3336.7226333463263,3336.7226333463263,-14081.455512792325,,,
1701860400,3339.5415503588374,3339.5415503588374,-13661.63352137869,,,
1701864000,3334.908402099695,3334.908402099695,-13050.338446919024,,,
1701867600,3333.083373653655,3333.083373653655,,,,
1701871200,3330.8226434830594,3330.8226434830594,,,,
1701874800,3318.455485549812,3318.455485549812,,,,
1701878400,3314.270873221936,3314.270873221936,,,,
1701882000,3317.196139387993,3317.196139387993,,,,
1701885600,3317.7255932288526,3317.7255932288526,,,,
1701889200,3318.1462704168903,3318.1462704168903,,,,
1701921600,3318.840665845702,3318.840665845702,,,,
1701925200,3311.4829367932102,3311.4829367932102,,,,
1701928800,3310.618104630821,3310.618104630821,,,,
1701932400,3309.186439526422,3309.186439526422,,,,
1701936000,3315.2420868643344,3315.2420868643344,,,,
1701939600,3315.168954458224,3315.168954458224,,,,
1701943200,3333.58202589837,3333.58202589837,,,,
1701946800,3334.4183287198503,3334.4183287198503,,,,
1701950400,3325.1299996072203,3325.1299996072203,,,,
1701954000,3325.1271685493357,3325.1271685493357,,,,
1701957600,3325.3877302365963,3325.3877302365963,,,,
1701961200,3327.7430990608286,3327.7430990608286,,,,
1701964800,3320.7749762854846,3320.7749762854846,,,,
1701968400,3325.6152866142247,3325.6152866142247,,,,
1701972000,3326.64102497975,3326.64102497975,,,,
1701975600,3326.9742604403723,3326.9742604403723,,,,
1702008000,3326.501409503554,3326.501409503554,,,,
1702011600,3324.2825735487354,3324.2825735487354,,,,
1702015200,3322.197009311038,3322.197009311038,,,,
1702018800,3321.0260796093385,3321.0260796093385,,,,
1702022400,3319.8971077301044,3319.8971077301044,,,,
1702026000,3330.733665260723,3330.733665260723,,,,
1702029600,3352.6640924592084,3352.6640924592084,,,,
1702033200,3340.668667513678,3340.668667513678,,,,
1702036800,3345.120565734752,3345.120565734752,,,,
1702040400,3350.9567439201605,3350.9567439201605,-13085.442639448263,,,
1702044000,3355.29654408028,3355.29654408028,,,,
1702047600,3357.2380561444047,3357.2380561444047,,,,
1702051200,3356.4999482512576,3356.4999482512576,,,,
1702054800,3355.3933754137583,3355.3933754137583,,,,
1702058400,3357.2006563335044,3357.2006563335044,-12988.673571710431,,,
1702062000,3358.561924144072,3358.561924144072,,,,
1702267200,3350.4227856434527,3350.4227856434527,,,,
1702270800,3351.259786853078,3351.259786853078,-13017.583794973967,,,
1702274400,3360.463405550707,3360.463405550707,-12499.805327808033,,,
1702278000,3359.5596237948594,3359.5596237948594,,,,
1702281600,3360.9529746807007,3360.9529746807007,,,,
1702285200,3351.7890077742118,3351.7890077742118,-12272.857391658355,,,
1702288800,3352.238402756923,3352.238402756923,-11563.392078633911,,,
1702292400,3345.330210803598,3345.330210803598,-11184.934524010587,,,
1702296000,3350.452679504181,3350.452679504181,,,,
1702299600,3353.592340238226,3353.592340238226,-11235.647104720912,,,
1702303200,3354.3031578846126,3354.3031578846126,,,,
1702306800,3358.555527808349,3358.555527808349,-11366.738547633635,,,
1702310400,3358.972185992698,3358.972185992698,-11305.42891420172,,,
1702314000,3357.5200573627917,3357.5200573627917,,,,
1702317600,3359.060429713012,3359.060429713012,,,,
1702321200,3360.132869775058,3360.132869775058,,,,
1702353600,3364.742220690625,3364.742220690625,-11176.007460497098,,,
1702357200,3360.2395314442856,3360.2395314442856,,,,
1702360800,3361.1798562265512,3361.1798562265512,,,,
1702364400,3363.506932212571,3363.506932212571,,,,
1702368000,3355.8192946562017,3355.8192946562017,,,,
1702371600,3358.4378435844583,3358.4378435844583,-10808.946789919266,,,
1702375200,3364.5885669384443,3364.5885669384443,-10591.252672276085,,,
1702378800,3365.5605678010556,3365.5605678010556,-10638.696735545926,,,
1702382400,3363.8241678264144,3363.8241678264144,,,,
1702386000,3367.550202417263,3367.550202417263,,,,
1702389600,3368.8400649152973,3368.8400649152973,-10553.636848953702,3237.5149048673193,3253.85894977684,
1702393200,3376.900583322136,3376.900583322136,-10653.254097005753,,,
1702396800,3378.3909632423406,3378.3909632423406,,,,
1702400400,3377.4728298247896,3377.4728298247896,,,,
1702404000,3379.2143576701096,3379.2143576701096,,,,
1702407600,3377.272203703713,3377.272203703713,-10718.996939978311,,,
1702440000,3374.6941111496694,3374.6941111496694,,,,
1702443600,3370.6225245810792,3370.6225245810792,,,,
1702447200,3375.832916725886,3375.832916725886,,,,
1702450800,3375.716548956169,3375.716548956169,,,,
1702454400,3379.1511297668494,3379.1511297668494,,,,
1702458000,3374.7301615478464,3374.7301615478464,-10869.70881259496,3243.589383246756,3259.9334281562765,
1702461600,3367.42610317915,3367.42610317915,-11641.815127721478,3246.590223724147,,3158.095654460733
1702465200,3359.2064722309074,3359.2064722309074,-18764.29069741886,3245.049740479041,3257.0141824178154,3156.5551712156266
1702468800,3365.1467486564666,3365.1467486564666,,,,
1702472400,3362.9372330726965,3362.9372330726965,,3245.3918714054867,,3156.8973021420725
1702476000,3396.618891576148,3396.618891576148,-19245.58622192113,3262.3570566969656,3271.9793713384975,3160.0702823633264
1702479600,3396.832074027943,3396.832074027943,-19498.33502053541,,,
1702483200,3394.982376885038,3394.982376885038,,,,
1702486800,3395.72402862852,3395.72402862852,-19613.667899432512,,,
1702490400,3400.044528686576,3400.044528686576,-19542.896113368814,,,
1702494000,3406.1091779431554,3406.1091779431554,-19596.222948059298,,,
1702526400,3406.560167007447,3406.560167007447,,,,
1702530000,3408.485593182726,3408.485593182726,,,,
1702533600,3408.1178408813803,3408.1178408813803,,,,
1702537200,3410.8692915147494,3410.8692915147494,-19788.4878948228,,,
1702540800,3415.671278093279,3415.671278093279,-19863.439721190516,,,
1702544400,3403.616271200881,3403.616271200881,-22090.740685203695,,,
1702548000,3413.626274881324,3413.626274881324,,,,
1702551600,3418.033087157656,3418.033087157656,-36317.36456894112,,,
1702555200,3422.0116217145746,3422.0116217145746,-39791.2764753981,,,
1702558800,3406.6828252478867,3406.6828252478867,,,,
1702562400,3412.2665469443923,3412.2665469443923,,,,
1702566000,3414.6159055642247,3414.6159055642247,-41871.81408792634,,,
1702569600,3413.3064403519784,3413.3064403519784,,,,
1702573200,3412.9692143113543,3412.9692143113543,,,,
1702576800,3414.048534181136,3414.048534181136,,,,
1702580400,3413.0610188922233,3413.0610188922233,,,,
1702612800,3429.284998598341,3429.284998598341,-49896.287228698144,3265.3059923923897,3275.087929773437,3163.0192180587505
1702616400,3427.942271499815,3427.942271499815,,,,
1702620000,3426.6732805222887,3426.6732805222887,,,,
1702623600,3424.966718894716,3424.966718894716,,,,
1702627200,3417.078545427139,3417.078545427139,,,,
1702630800,3414.5127637392766,3414.5127637392766,,,,
1702634400,3430.736713256434,3430.736713256434,,,,
1702638000,3432.7552682460714,3432.7552682460714,-50021.33728274986,,,
1702641600,3430.6728880730047,3430.6728880730047,-50156.23085080153,,,
1702645200,3420.9509579230353,3420.9509579230353,,,,
1702648800,3423.115168221314,3423.115168221314,,,,
1702652400,3423.550451038491,3423.550451038491,,,,
1702656000,3423.503469873024,3423.503469873024,-50220.68370375726,,,
1702659600,3425.7320700458886,3425.7320700458886,,,,
1702663200,3426.521184195721,3426.521184195721,,,,
1702666800,3426.6693717549992,3426.6693717549992,,,,
1702872000,3423.664538269621,3423.664538269621,,,,
1702875600,3424.217313398086,3424.217313398086,,,,
1702879200,3422.5700907337855,3422.5700907337855,,,,
1702882800,3427.3859742248083,3427.3859742248083,,,,
1702886400,3429.8848134723426,3429.8848134723426,-50360.766830228386,,,
1702890000,3428.36535818579,3428.36535818579,-51991.58130502216,,3277.697283423675,
1702893600,3428.196151244564,3428.196151244564,,,,
1702897200,3427.631830881788,3427.631830881788,,,,
1702900800,3430.572494263824,3430.572494263824,,,,
1702904400,3434.669740431638,3434.669740431638,,,,
1702908000,3432.2310816993495,3432.2310816993495,,,,
1702911600,3427.782266058997,3427.782266058997,,,,
1702915200,3425.131257800766,3425.131257800766,,,,
1702918800,3425.0215600631136,3425.0215600631136,,,,
1702922400,3424.816207120945,3424.816207120945,,,,
1702926000,3424.5668245143884,3424.5668245143884,,,,
1702958400,3433.2944708460395,3433.2944708460395,,,,
1702962000,3431.6611440538472,3431.6611440538472,,,,
1702965600,3433.347170028234,3433.347170028234,,,,
1702969200,3436.9035970922714,3436.9035970922714,-51770.64746579388,,,
1702972800,3434.0869317297665,3434.0869317297665,,,,
1702976400,3438.9466014057475,3438.9466014057475,,,,
1702980000,3446.975430805745,3446.975430805745,-50701.76994927043,3268.3426653279344,3280.7339563592195,3166.055890994295
1702983600,3442.716476038725,3442.716476038725,-50929.67151026915,,,
1702987200,3443.4895365807783,3443.4895365807783,-50672.45905714151,,,
1702990800,3443.9107989131676,3443.9107989131676,-50599.321500633734,,,
1702994400,3444.6280949375996,3444.6280949375996,-50017.2304357222,,,
1702998000,3453.394815814184,3453.394815814184,-49773.29274362006,3271.350503342304,3287.251567695375,3169.0637290086647
1703001600,3452.4609375025993,3452.4609375025993,,,,
1703005200,3452.7422367983804,3452.7422367983804,,,,
1703008800,3449.0758307081023,3449.0758307081023,,,,
1703012400,3452.798748468021,3452.798748468021,,,,
1703044800,3441.329052224971,3441.329052224971,,,,
1703048400,3442.264115661536,3442.264115661536,,,,
1703052000,3440.314865173348,3440.314865173348,,,,
1703055600,3442.4132160681675,3442.4132160681675,,,,
1703059200,3444.0961821303013,3444.0961821303013,,,,
1703062800,3455.6331203281056,3455.6331203281056,-41597.179815211595,3276.915685742201,3293.2764418909724,3174.6289114085616
1703066400,3457.36710057855,3457.36710057855,-40983.39154861046,3290.7819627649887,3305.724214752556,3188.4951884313496
1703070000,3459.3255140154247,3459.3255140154247,-40260.83479088126,3300.5770869935113,3332.365703108067,3198.290312659872
1703073600,3461.3735295263546,3461.3735295263546,,,,
1703077200,3458.542719007325,3458.542719007325,-40145.03370962784,3303.5944821763837,3335.3830982909394,
1703080800,3421.403522500053,3421.403522500053,,,,
1703084400,3405.2864501085764,3405.2864501085764,,,,
1703088000,3408.5406990425013,3408.5406990425013,,,,
1703091600,3411.012468550763,3411.012468550763,,,,
1703095200,3414.87200210702,3414.87200210702,,,,
1703098800,3415.566379576541,3415.566379576541,,,,
1703131200,3426.6796722968197,3426.6796722968197,,,,
1703134800,3424.6926030539685,3424.6926030539685,,,,
1703138400,3425.6394198005614,3425.6394198005614,,,,
1703142000,3427.8667657991323,3427.8667657991323,,,,
1703145600,3434.747423340439,3434.747423340439,,,,
1703149200,3422.7099209400894,3422.7099209400894,,,,
1703152800,3421.1962103036735,3421.1962103036735,,,,
1703156400,3420.3040957191183,3420.3040957191183,,,,
1703160000,3408.450922457151,3408.450922457151,,,,
1703163600,3416.081877112143,3416.081877112143,,,,
1703167200,3419.3848369086086,3419.3848369086086,,,,
1703170800,3434.921969433124,3434.921969433124,,,,
1703174400,3401.8901758424013,3401.8901758424013,-44604.816181399336,3303.5503971677986,3334.6792157766295,
1703178000,3365.843727364239,3365.843727364239,-56592.94169540105,3272.690197933707,3304.3850179167703,
1703181600,3363.947394383641,3363.947394383641,,3271.17229003149,3302.867110014553,
1703185200,3362.2178276739237,3362.2178276739237,,,,
1703217600,3356.215311943007,3356.215311943007,,,,
1703221200,3356.1433902815097,3356.1433902815097,-56730.91429954813,3266.4893638632075,3298.1841838462706,
1703224800,3359.8889848507342,3359.8889848507342,,,,
1703228400,3359.640597061297,3359.640597061297,,3263.472933867887,3295.1677538509502,
1703232000,3364.8532541199615,3364.8532541199615,,,,
1703235600,3380.801180921753,3380.801180921753,,,,
1703239200,3377.302406010316,3377.302406010316,,,,
1703242800,3373.809162780813,3373.809162780813,,,,
1703246400,3375.837269857102,3375.837269857102,,,,
1703250000,3369.3846259505826,3369.3846259505826,,,,
1703253600,3362.8917493679933,3362.8917493679933,,,,
1703257200,3359.476235555988,3359.476235555988,,,,
1703260800,3357.5381683477854,3357.5381683477854,,,,
1703264400,3359.6792858129415,3359.6792858129415,,,,
1703268000,3359.12896977364,3359.12896977364,,,,
1703271600,3359.886185001429,3359.886185001429,,,,
1703563200,3369.4986778004554,3369.4986778004554,,,,
1703566800,3293.062258230552,3293.062258230552,,,,
1703570400,3368.4712789709656,3368.4712789709656,,,,
1703574000,3368.941715896163,3368.941715896163,,,,
1703577600,3366.177466544623,3366.177466544623,,,,
1703581200,3364.0344546271,3364.0344546271,,,,
1703584800,3369.1855753957357,3369.1855753957357,,,,
1703588400,3371.82314103261,3371.82314103261,,,,
1703592000,3372.500683659103,3372.500683659103,,,,
1703595600,3373.878380733927,3373.878380733927,,,,
1703599200,3373.476812138213,3373.476812138213,,,,
1703602800,3373.45180578705,3373.45180578705,,,,
1703606400,3372.411684557438,3372.411684557438,,,,
1703610000,3371.7007501093503,3371.7007501093503,,,,
1703613600,3373.824093388168,3373.824093388168,,,,
1703617200,3371.9716243632865,3371.9716243632865,,,,
1703649600,3374.2696204146673,3374.2696204146673,,,,
1703653200,3375.389319164056,3375.389319164056,,,,
1703656800,3375.7437552056585,3375.7437552056585,,,,
1703660400,3377.3375114241207,3377.3375114241207,,,,
1703664000,3378.1084399583015,3378.1084399583015,,,,
1703667600,3380.333207203469,3380.333207203469,-71048.44112479215,3284.020270961989,3311.930563503379,3218.837649753974
1703671200,3375.429553849822,3375.429553849822,,,,
1703674800,3380.1495839644176,3380.1495839644176,-70680.82342471284,3285.5215296771084,3310.415044889885,3221.8544270825873
1703678400,3379.3430064672966,3379.3430064672966,,,,
1703682000,3383.0415718841173,3383.0415718841173,,,,
1703685600,3376.4341056933918,3376.4341056933918,-69836.89767328133,3283.981600662024,3308.8751158748005,
1703689200,3382.12366295084,3382.12366295084,-69741.66892282816,,,
1703692800,3381.5057254775775,3381.5057254775775,,,,
1703696400,3383.602724319188,3383.602724319188,-69647.903787173,,,
1703700000,3384.269120931219,3384.269120931219,,,,
1703703600,3384.141458625493,3384.141458625493,,,,
1703736000,3388.6219414569746,3388.6219414569746,-57953.018870558706,,,
1703739600,3390.645302845088,3390.645302845088,-57062.98047342655,,,
1703743200,3391.150563703294,3391.150563703294,-55536.3161779837,3290.0321330007782,3314.9256482135547,3227.9049594213416
1703746800,3390.3302545178235,3390.3302545178235,,,,
1703750400,3389.5322426257326,3389.5322426257326,,,,
1703754000,3387.09954449842,3387.09954449842,-55348.92601667241,,3318.902916300237,
1703757600,3393.8797043309532,3393.8797043309532,-55172.02130968993,,,
1703761200,3390.842176185994,3390.842176185994,-54971.72618677252,3293.034361179162,,3230.907187599725
1703764800,3394.225088278106,3394.225088278106,-54870.904200600235,,,
1703768400,3389.1746872977656,3389.1746872977656,,,,
1703772000,3387.129821908524,3387.129821908524,,,,
1703775600,3381.4460308064477,3381.4460308064477,,,,
1703779200,3382.4505562609884,3382.4505562609884,,,,
1703782800,3383.7933082333598,3383.7933082333598,,,,
1703786400,3384.8588815217654,3384.8588815217654,,,,
1703790000,3388.0132093980583,3388.0132093980583,,,,
1703822400,3387.849539902314,3387.849539902314,,,,
1703826000,3388.019700543353,3388.019700543353,,,,
1703829600,3388.119805318628,3388.119805318628,,,,
1703833200,3386.382339102018,3386.382339102018,,,,
1703836800,3385.8999616993847,3385.8999616993847,,,,
1703840400,3385.251952960946,3385.251952960946,,,,
1703844000,3371.4532641915375,3371.4532641915375,,,,
1703847600,3361.954877792618,3361.954877792618,-65751.17444827291,,,
1703851200,3359.9943715984664,3359.9943715984664,-71598.66180487664,,,
1703854800,3368.2996724513973,3368.2996724513973,,,,
1703858400,3370.467513324035,3370.467513324035,,,,
1703862000,3367.7857884643618,3367.7857884643618,,,,
1703865600,3366.0032747842315,3366.0032747842315,,,,
1703869200,3365.016282853242,3365.016282853242,,,,
1703872800,3363.9796955203346,3363.9796955203346,,,,
1703876400,3363.0654830478975,3363.0654830478975,,,,
1704168000,3366.8255649655075,3366.8255649655075,,,,
1704171600,3360.5521260247524,3360.5521260247524,,,,
1704175200,3343.694610923594,3343.694610923594,-71745.576580265,,,
1704178800,3334.3774203395515,3334.3774203395515,-71807.18617946988,3291.5051212657986,3317.3736763868737,3229.377947686362
1704182400,3344.584175056491,3344.584175056491,-71988.347780612,3291.2512384917195,3317.145686835209,3229.124064912283
1704186000,3327.0801071568258,3327.0801071568258,-73023.21566247196,3287.7910160150773,3313.6854643585666,3225.6638424356406
1704189600,3324.725525539159,3324.725525539159,-73347.45408221013,,,
1704193200,3337.14290115069,3337.14290115069,-73138.85349016402,3288.0976121672347,,3225.970438587798
1704196800,3330.0733665193693,3330.0733665193693,-72813.53288263155,3291.1031887328395,,3228.976015153403
1704200400,3325.3745928754925,3325.3745928754925,-73021.59947695692,3294.1093394247923,,3231.9821658453557
1704204000,3313.3080081291787,3313.3080081291787,-73009.12254719572,3286.3701282734814,3305.9462532072557,3225.8026774100063
1704207600,3328.237318375047,3328.237318375047,-72755.18936450295,3287.989314291386,,3227.421863427911
1704211200,3328.1590249383376,3328.1590249383376,,,,
1704214800,3328.8502450265396,3328.8502450265396,,,,
1704218400,3325.139944793005,3325.139944793005,,,,
1704222000,3323.677950499061,3323.677950499061,,,,
1704254400,3311.0533303988545,3311.0533303988545,-72364.06543508245,,,
1704258000,3310.522678293687,3310.522678293687,,,,
1704261600,3311.4502524928585,3311.4502524928585,,,,
1704265200,3302.868353115997,3302.868353115997,-79378.13099722497,,,
1704268800,3307.497252008311,3307.497252008311,,,,
1704272400,3296.257806217185,3296.257806217185,-201655.3841986537,3280.1169674335692,3296.0783787418964,3219.549516570094
1704276000,3288.6697493584825,3288.6697493584825,-200711.21468260948,3278.592961238422,3294.554372546749,3218.025510374947
1704279600,3289.926698552534,3289.926698552534,-201159.18098588858,3274.009014734927,3289.970426043254,3213.4415638714518
1704283200,3298.2618240139927,3298.2618240139927,,,,
1704286800,3297.37000516967,3297.37000516967,,,,
1704290400,3297.449455563579,3297.449455563579,,,,
1704294000,3283.6397831507475,3283.6397831507475,-205494.53005045914,,,
1704297600,3284.644217712862,3284.644217712862,,,,
1704301200,3280.12968848619,3280.12968848619,,,,
1704304800,3282.7571908199693,3282.7571908199693,,,,
1704308400,3282.8905936248607,3282.8905936248607,,,,
1704340800,3278.804806416004,3278.804806416004,-222213.17724050733,3267.5827538241283,3283.5441651324554,
1704344400,3277.563688582035,3277.563688582035,-223804.910455637,,,
1704348000,3274.0410464749257,3274.0410464749257,,,,
1704351600,3277.329917645028,3277.329917645028,,,,
1704355200,3266.0429047905222,3266.0429047905222,-228692.41680616248,3264.567593403442,3280.529004711769,
1704358800,3280.989085430808,3280.989085430808,-229019.6424765476,3257.4728511300136,3273.3651496408556,3206.3468215980233
1704362400,3289.126834276701,3289.126834276701,-228357.087440039,3260.4862184119997,,3209.3601888800094
1704366000,3285.5521933197347,3285.5521933197347,-227961.3991606139,3263.4875536103723,,3212.361524078382
1704369600,3285.29138377186,3285.29138377186,,,,
1704373200,3284.886320327864,3284.886320327864,,,,
1704376800,3279.6740975541416,3279.6740975541416,,,,
1704380400,3266.028255048788,3266.028255048788,-231016.93117168176,,,
1704384000,3267.8096971731075,3267.8096971731075,,,,
1704387600,3267.6412736495727,3267.6412736495727,,,,
1704391200,3269.7843993092088,3269.7843993092088,,,,
1704394800,3270.1626010230343,3270.1626010230343,,,,
1704427200,3253.351403639414,3253.351403639414,-235519.53349995773,,,
1704430800,3249.619776671665,3249.619776671665,-218303.17676899486,,,
1704434400,3249.13994017548,3249.13994017548,,,,
1704438000,3254.6570992005636,3254.6570992005636,-218334.16163707618,,,
1704441600,3254.250744023369,3254.250744023369,,,,
1704445200,3271.141637138047,3271.141637138047,,,,
1704448800,3283.3724364655286,3283.3724364655286,-217718.2073146876,3266.530741712193,,3215.4047121802028
1704452400,3270.849188808925,3270.849188808925,,,,
1704456000,3261.6203773976554,3261.6203773976554,-219211.90282886857,,,
1704459600,3266.4506012314578,3266.4506012314578,,,,
1704463200,3253.9893683790015,3253.9893683790015,-220785.11320517492,,,
1704466800,3257.8022767586554,3257.8022767586554,,,,
1704470400,3257.393392603321,3257.393392603321,,,,
1704474000,3260.1898276342495,3260.1898276342495,,,,
1704477600,3259.6519475768005,3259.6519475768005,,,,
1704481200,3257.539370861283,3257.539370861283,,,,
1704686400,3249.0713661143996,3249.0713661143996,-230795.53680242458,,,
1704690000,3250.872060490634,3250.872060490634,-230969.44645260947,,,
1704693600,3255.159370709258,3255.159370709258,,3264.9980174906755,3271.832425419338,
1704697200,3262.9824515554837,3262.9824515554837,,,,
1704700800,3260.229048798071,3260.229048798071,,,,
1704704400,3260.078567355194,3260.078567355194,,,,
1704708000,3262.9002936887705,3262.9002936887705,,,,
1704711600,3268.1093639893375,3268.1093639893375,,,,
1704715200,3274.6497037854406,3274.6497037854406,,,,
1704718800,3281.362298038808,3281.362298038808,,,,
1704722400,3295.213309255313,3295.213309255313,,,,
1704726000,3301.4513661546116,3301.4513661546116,,,,
1704729600,3298.4088158373534,3298.4088158373534,,,,
1704733200,3297.6835367580716,3297.6835367580716,,,,
1704736800,3298.077075228462,3298.077075228462,,,,
1704740400,3298.2357543062326,3298.2357543062326,,,,
1704772800,3294.594710115539,3294.594710115539,,,,
1704776400,3292.3634024733933,3292.3634024733933,,,,
1704780000,3289.0822337211494,3289.0822337211494,,,,
1704783600,3291.596807479644,3291.596807479644,,,,
1704787200,3283.7575090951295,3283.7575090951295,,,,
1704790800,3268.36865544884,3268.36865544884,,,,
1704794400,3266.7989067548447,3266.7989067548447,-220941.14167675521,,,
1704798000,3280.5128518886363,3280.5128518886363,,,,
1704801600,3276.567211169038,3276.567211169038,,,,
1704805200,3276.157242820757,3276.157242820757,,,,
1704808800,3273.312784915413,3273.312784915413,,,,
1704812400,3277.984984899451,3277.984984899451,,,,
1704816000,3277.4144999463774,3277.4144999463774,,,,
1704819600,3277.1500393854176,3277.1500393854176,,,,
1704823200,3277.084361955379,3277.084361955379,,,,
1704826800,3276.907619227697,3276.907619227697,,,,
1704859200,3284.5882667660762,3284.5882667660762,,,,
1704862800,3286.571072163242,3286.571072163242,,,,
1704866400,3281.635111526993,3281.635111526993,,,,
1704870000,3280.3923414336177,3280.3923414336177,,,,
1704873600,3278.5674944697926,3278.5674944697926,,,,
1704877200,3274.2161954730987,3274.2161954730987,-213276.42977852043,,,
1704880800,3284.193397088645,3284.193397088645,,,,
1704884400,3280.3355583260054,3280.3355583260054,,,,
1704888000,3283.4943940570292,3283.4943940570292,,,,
1704891600,3288.4869983260232,3288.4869983260232,,,,
1704895200,3303.293003207875,3303.293003207875,-213474.44007839,,,
1704898800,3300.463956794402,3300.463956794402,,,,
1704902400,3303.068399676067,3303.068399676067,,,,
1704906000,3301.4667317489084,3301.4667317489084,,,,
1704909600,3302.2934202320707,3302.2934202320707,,,,
1704913200,3304.4189559803344,3304.4189559803344,,,,
1704945600,3312.1683111457332,3312.1683111457332,-213724.80476003283,,,
1704949200,3311.0195381820413,3311.0195381820413,,,,
1704952800,3311.280850722213,3311.280850722213,,,,
1704956400,3306.594189143349,3306.594189143349,,,,
1704960000,3287.779931538128,3287.779931538128,-161346.05986809422,,,
1704963600,3286.7773887493136,3286.7773887493136,-166095.58696572023,3256.3075298655576,3265.915250013103,3206.714224555085
1704967200,3277.0610305107357,3277.0610305107357,-164021.97730407698,3253.1755114211564,3262.783231568702,3203.5822061106837
1704970800,3268.2595411885904,3268.2595411885904,-173037.08479545364,,,
1704974400,3279.000225422855,3279.000225422855,,,,
1704978000,3292.6380566459993,3292.6380566459993,,,,
1704981600,3299.6579902430312,3299.6579902430312,,,,
1704985200,3300.7477529061225,3300.7477529061225,,,,
1704988800,3298.4629932303083,3298.4629932303083,,,,
1704992400,3296.451920643018,3296.451920643018,,,,
1704996000,3291.523515514348,3291.523515514348,-157653.02247670584,,,
1704999600,3290.6292924363065,3290.6292924363065,-142265.05952995204,,,
1705032000,3288.54005613957,3288.54005613957,-607.27467529563,3249.780498485214,3259.3882186327596,3200.1871931747414
1705035600,3281.6446322016686,3281.6446322016686,-53323.01000845275,3248.0810290345894,3257.688749182135,3198.4877237241167
1705039200,3283.836797833545,3283.836797833545,,,,
1705042800,3295.906404964982,3295.906404964982,-52381.768123196605,3254.2720938132456,3261.122950135749,3204.678788502773
1705046400,3299.5991962874987,3299.5991962874987,,,,
1705050000,3306.2200779911404,3306.2200779911404,,,,
1705053600,3297.1870094309047,3297.1870094309047,,,,
1705057200,3283.576202128964,3283.576202128964,,,,
1705060800,3291.8080408979968,3291.8080408979968,-52523.58660555928,,,
1705064400,3297.8604306366237,3297.8604306366237,-52866.3066609108,,,
1705068000,3292.3370489131316,3292.3370489131316,,,,
1705071600,3295.20689994829,3295.20689994829,-52913.6276672548,,,
1705075200,3293.5000126757377,3293.5000126757377,,,,
1705078800,3293.1546595660207,3293.1546595660207,,,,
1705082400,3292.413947195164,3292.413947195164,,,,
1705086000,3293.5527815347255,3293.5527815347255,,,,
1705377600,3269.8395953310314,3269.8395953310314,-23556.23996989277,3257.3265250170725,3263.1885770329955,3207.7332197066
1705381200,3267.2354493396083,3267.2354493396083,55978.48160426995,3260.3309332910635,,3210.737627980591
1705384800,3275.093240650825,3275.093240650825,55381.79537645686,,,
1705388400,3282.0556968156448,3282.0556968156448,54877.85420965067,,,
1705392000,3272.394777059329,3272.394777059329,53362.292505787984,,,
1705395600,3265.134647104553,3265.134647104553,,,,
1705399200,3283.897592086031,3283.897592086031,53248.662023442805,,,
1705402800,3273.933788968956,3273.933788968956,53172.164635898596,,,
1705406400,3263.776276255611,3263.776276255611,,,,
1705410000,3264.7634372155535,3264.7634372155535,,,,
1705413600,3267.5747563362,3267.5747563362,,,,
1705417200,3276.42625131273,3276.42625131273,53017.71187118665,,,
1705420800,3278.2854282086428,3278.2854282086428,52940.14450798187,,,
1705424400,3277.4412397050232,3277.4412397050232,,,,
1705428000,3277.8044826812184,3277.8044826812184,,,,
1705431600,3275.4665035311064,3275.4665035311064,,,,
1705464000,3254.526855861927,3254.526855861927,,,,
1705467600,3251.7082802036407,3251.7082802036407,50022.16960503261,3258.8175215263577,3261.6751652682897,
1705471200,3257.4349530724917,3257.4349530724917,,,,
1705474800,3258.3759712955816,3258.3759712955816,,,,
1705478400,3243.7897995915023,3243.7897995915023,,3257.3108787297874,3260.1685224717194,
1705482000,3246.1371531535565,3246.1371531535565,34969.48059517031,3252.604083421114,3255.461727163046,
1705485600,3249.7118322129254,3249.7118322129254,8512.857351587467,,,
1705489200,3253.9091144330678,3253.9091144330678,,,,
1705492800,3247.5109941532382,3247.5109941532382,,,,
1705496400,3241.6147940907917,3241.6147940907917,215572.66383907,,,
1705500000,3246.9693429097606,3246.9693429097606,,,,
1705503600,3253.2146071946395,3253.2146071946395,,,,
1705507200,3253.3018653295394,3253.3018653295394,,,,
1705510800,3251.039239210989,3251.039239210989,,,,
1705514400,3249.3468792842273,3249.3468792842273,,,,
1705518000,3247.438517440313,3247.438517440313,,,,
1705550400,3263.569276094842,3263.569276094842,,,,
1705554000,3266.6415167920522,3266.6415167920522,215365.7928972973,,,
1705557600,3277.9372888703124,3277.9372888703124,,,,
1705561200,3277.925488371916,3277.925488371916,,,,
1705564800,3272.910570089881,3272.910570089881,,,,
1705568400,3264.817320003336,3264.817320003336,,,,
1705572000,3256.9486398416534,3256.9486398416534,339835.0197316895,,,
1705575600,3262.3403468253377,3262.3403468253377,,,,
1705579200,3254.2793380198195,3254.2793380198195,466805.4981668336,,,
1705582800,3256.477253309946,3256.477253309946,497989.4937149272,,,
1705586400,3268.4286475279464,3268.4286475279464,,,,
1705590000,3274.516571846812,3274.516571846812,,,,
1705593600,3273.187129643892,3273.187129643892,,,,
1705597200,3270.745909611458,3270.745909611458,,,,
1705600800,3272.813283624712,3272.813283624712,,,,
1705604400,3275.61983982707,3275.61983982707,498016.2533620127,3255.6070110664505,3259.8966421442265,3213.7405556259273
1705636800,3282.949932998915,3282.949932998915,374313.0800604736,3274.335208493451,3279.0166238943075,3232.4687530529277
1705640400,3288.6085016213833,3288.6085016213833,371483.9234948026,,,
1705644000,3296.882367838817,3296.882367838817,368179.3459934448,3286.919870534062,3289.1601421296286,3245.0534150935387
1705647600,3293.8818229390504,3293.8818229390504,,,,
1705651200,3287.873383084879,3287.873383084879,,,,
1705654800,3289.4222150020046,3289.4222150020046,362282.41596467653,,,
1705658400,3288.252724470674,3288.252724470674,,,,
1705662000,3291.032495469588,3291.032495469588,,,,
1705665600,3302.356757496245,3302.356757496245,361992.67557962413,,,
1705669200,3311.931103548417,3311.931103548417,360860.2427286288,3289.9521660281634,3304.818748168548,3248.0857105876403
1705672800,3319.386788458661,3319.386788458661,359499.50614374806,3293.008089406707,3311.579206215583,3251.1416339661837
1705676400,3322.2190302519502,3322.2190302519502,359446.4317675034,3296.990964853904,3311.881334256922,3255.124509413381
1705680000,3320.940485656745,3320.940485656745,359262.60188151535,3299.991541887949,3314.881911290967,3258.125086447426
1705683600,3319.618217090303,3319.618217090303,359277.2809722829,3302.9992341956413,3315.1544421992667,3261.132778755118
1705687200,3318.875308292836,3318.875308292836,359169.97355218,,,
1705690800,3319.5274591552247,3319.5274591552247,,,,
1705896000,3335.619658688637,3335.619658688637,358736.27059731056,3312.352277936633,3324.18484671763,3270.48582249611
1705899600,3334.762122035686,3334.762122035686,,,,
1705903200,3334.171112919266,3334.171112919266,,,,
1705906800,3337.3413773056554,3337.3413773056554,357782.53880341095,3321.5557115995307,3328.9123719180798,3279.6892561590075
1705910400,3332.3620303554953,3332.3620303554953,,,,
1705914000,3348.1267027632953,3348.1267027632953,354949.16253752215,3334.13312394666,3344.89463919706,3292.2666685061367
1705917600,3319.522964248225,3319.522964248225,,,,
1705921200,3323.177403079969,3323.177403079969,,,,
1705924800,3318.83732177198,3318.83732177198,,,,
1705928400,3318.848078935731,3318.848078935731,,,,
1705932000,3315.007548302784,3315.007548302784,388982.13628988154,,,
1705935600,3316.3730421872,3316.3730421872,,,,
1705939200,3315.0241498379637,3315.0241498379637,,,,
1705942800,3314.5447634573757,3314.5447634573757,,,,
1705946400,3316.2221044876687,3316.2221044876687,,,,
1705950000,3317.136470791917,3317.136470791917,,,,
1705982400,3318.0412610173535,3318.0412610173535,,,,
1705986000,3316.6638464306666,3316.6638464306666,,,,
1705989600,3323.166147672823,3323.166147672823,,,,
1705993200,3320.720133424364,3320.720133424364,,,,
1705996800,3324.0277284372514,3324.0277284372514,,,,
1706000400,3328.8829100326907,3328.8829100326907,387192.49193119985,,,
1706004000,3321.4382394092354,3321.4382394092354,,,,
1706007600,3324.1340150002334,3324.1340150002334,,,,
1706011200,3325.565820071549,3325.565820071549,385041.5917149252,,,
1706014800,3325.1390896803864,3325.1390896803864,,,,
1706018400,3327.0785220933612,3327.0785220933612,,,,
1706022000,3331.4548864773133,3331.4548864773133,384938.0854489411,,,
1706025600,3336.7891583404917,3336.7891583404917,384538.1412554431,3340.2523242905636,,3298.3858688500404
1706029200,3335.4050371445232,3335.4050371445232,,,,
1706032800,3340.690799128651,3340.690799128651,384605.7936912912,3344.0745785193,,3302.2081230787767
1706036400,3341.1937744872894,3341.1937744872894,384534.8076622337,3347.088993675807,3349.3390336800117,3305.222538235284
1706068800,3348.035752952861,3348.035752952861,384142.04216495046,,,
1706072400,3345.656165240944,3345.656165240944,383944.2342587795,,,
1706076000,3348.035618291111,3348.035618291111,,,,
1706079600,3346.0677269057924,3346.0677269057924,383626.71138907695,,,
1706083200,3346.0903754182423,3346.0903754182423,,,,
1706086800,3339.0015055244953,3339.0015055244953,,,,
1706090400,3345.793157323689,3345.793157323689,383018.7360734063,,,
1706094000,3349.133360125769,3349.133360125769,383090.35537317855,,,
1706097600,3349.366245070024,3349.366245070024,383231.36715477554,,,
1706101200,3343.6729799689283,3343.6729799689283,,,,
1706104800,3338.0174721740323,3338.0174721740323,,,,
1706108400,3332.400526624883,3332.400526624883,,,,
1706112000,3347.688524889352,3347.688524889352,435752.0194397769,,,
1706115600,3360.4702413969926,3360.4702413969926,100865.49446656741,3350.165766019688,3349.5249579212737,3308.2993105791647
1706119200,3356.8169411717813,3356.8169411717813,373893.763272497,,,
1706122800,3358.1646114591276,3358.1646114591276,,,,
1706155200,3346.5862062712504,3346.5862062712504,843753.8172105019,,,
1706158800,3343.401407822081,3343.401407822081,936584.9597051443,,,
1706162400,3349.2465714808477,3349.2465714808477,,,,
1706166000,3341.5726343495,3341.5726343495,1538644.9808588796,,,
1706169600,3346.5568831853793,3346.5568831853793,1538739.7929320778,,,
1706173200,3378.5431749156505,3378.5431749156505,1900940.0362608596,3407.613810280994,3414.000951835868,3365.747354840471
1706176800,3374.1436220007477,3374.1436220007477,3267524.4679300804,,,
1706180400,3375.877935382081,3375.877935382081,,,,
1706184000,3355.589756039026,3355.589756039026,,,,
1706187600,3344.081731740528,3344.081731740528,,,,
1706191200,3344.4906396925553,3344.4906396925553,,,,
1706194800,3352.0932078262467,3352.0932078262467,,,,
1706198400,3351.273661284773,3351.273661284773,,,,
1706202000,3292.950023720512,3292.950023720512,3235530.2342462274,3382.935504138061,3345.312537839724,3341.0690486975377
1706205600,3346.3747741510424,3346.3747741510424,,,,
1706209200,3345.5154513744237,3345.5154513744237,,,,
1706241600,3348.371079227792,3348.371079227792,,,,
1706245200,3349.4711120478523,3349.4711120478523,,,,
1706248800,3352.256972678137,3352.256972678137,,,,
1706252400,3357.8939899564975,3357.8939899564975,,,,
1706256000,3361.6055054889835,3361.6055054889835,,,,
1706259600,3355.743587207205,3355.743587207205,,,,
1706263200,3358.925152300944,3358.925152300944,,,,
1706266800,3361.2694035042077,3361.2694035042077,,,,
1706270400,3344.5360101342294,3344.5360101342294,,,,
1706274000,3339.248393333886,3339.248393333886,,,,
1706277600,3343.412866276866,3343.412866276866,,,,
1706281200,3343.3900087789316,3343.3900087789316,,,,
1706284800,3340.5469116360896,3340.5469116360896,,,,
1706288400,3341.371784141722,3341.371784141722,,,,
1706292000,3342.8798926383033,3342.8798926383033,,,,
1706295600,3344.8202678024695,3344.8202678024695,,,,
1706500800,3347.353269316733,3347.353269316733,,,,
1706504400,3349.1251120039688,3349.1251120039688,,,,
1706508000,3349.6756561027078,3349.6756561027078,,,,
1706511600,3351.2088308144266,3351.2088308144266,,,,
1706515200,3347.6202437166676,3347.6202437166676,,,,
1706518800,3343.043884493095,3343.043884493095,3236480.22849879,,,
1706522400,3343.9476213469684,3343.9476213469684,,,,
1706526000,3349.8172404833913,3349.8172404833913,,,,
1706529600,3348.2303144278635,3348.2303144278635,,,,
1706533200,3351.0212363191413,3351.0212363191413,,,,
1706536800,3354.704208210347,3354.704208210347,3236622.8318905276,,,
1706540400,3372.5984466632385,3372.5984466632385,2802086.3197912173,,,
1706544000,3372.78439561293,3372.78439561293,2801846.490102434,,,
1706547600,3375.2862361220255,3375.2862361220255,2598195.6523441984,,,
1706551200,3377.536782807812,3377.536782807812,2392112.7980711116,,,
1706554800,3377.9869523925013,3377.9869523925013,,,,
1706587200,3378.4763243862417,3378.4763243862417,1000676.6731147701,,,
1706590800,3381.0915140581787,3381.0915140581787,,,,
1706594400,3381.8085587408864,3381.8085587408864,,,,
1706598000,3380.0660060043692,3380.0660060043692,,,,
1706601600,3378.754313838711,3378.754313838711,,,,
1706605200,3384.824882491233,3384.824882491233,1000115.3155765987,,,
1706608800,3379.5127373896644,3379.5127373896644,997301.5677853746,,,
1706612400,3378.6112181926783,3378.6112181926783,994713.6204820031,,,
1706616000,3367.193404899715,3367.193404899715,992274.6956083664,,,
1706619600,3370.0379365907693,3370.0379365907693,991916.8479249177,,,
1706623200,3375.9033110247988,3375.9033110247988,,,,
1706626800,3377.1375034562675,3377.1375034562675,,,,
1706630400,3355.7376450740103,3355.7376450740103,,,,
1706634000,3345.230311602083,3345.230311602083,,,,
1706637600,3351.3955294043662,3351.3955294043662,,,,
1706641200,3360.7125781290392,3360.7125781290392,,,,
1706673600,3354.4253156649656,3354.4253156649656,991235.3444977098,,,
1706677200,3351.1798216196453,3351.1798216196453,,,,
1706680800,3356.7844923908065,3356.7844923908065,,,,
1706684400,3362.880472628033,3362.880472628033,,,,
1706688000,3353.634986903661,3353.634986903661,,,,
1706691600,3355.1283846339206,3355.1283846339206,989592.1346946874,,,
1706695200,3353.1691313457504,3353.1691313457504,,,,
1706698800,3348.019173727765,3348.019173727765,,,,
1706702400,3345.347182018297,3345.347182018297,,,,
1706706000,3343.1315032034204,3343.1315032034204,,,,
1706709600,3336.865474132856,3336.865474132856,,,,
1706713200,3304.9714720479415,3304.9714720479415,988724.492999869,,,
1706716800,3308.9647723282164,3308.9647723282164,,,,
1706720400,3309.3764778917075,3309.3764778917075,,,,
1706724000,3313.5563978794753,3313.5563978794753,,,,
1706727600,3316.4506938714135,3316.4506938714135,,,,
1706760000,3321.501599834118,3321.501599834118,,,,
1706763600,3325.421723461273,3325.421723461273,,,,
1706767200,3325.7465873002852,3325.7465873002852,,,,
1706770800,3326.845169742173,3326.845169742173,,,,
1706774400,3321.196177203481,3321.196177203481,,,,
1706778000,3325.4479711388008,3325.4479711388008,,,,
1706781600,3305.9961203174885,3305.9961203174885,,,,
1706785200,3315.732605192977,3315.732605192977,,,,
1706788800,3328.0695391275567,3328.0695391275567,,,,
1706792400,3323.873117489365,3323.873117489365,,,,
1706796000,3334.0878519769863,3334.0878519769863,,,,
1706799600,3336.5610926346358,3336.5610926346358,,,,
1706803200,3338.643005632235,3338.643005632235,,,,
1706806800,3325.9971245612123,3325.9971245612123,974885.9773559371,,,
1706810400,3330.108710772282,3330.108710772282,,,,
1706814000,3331.296030929093,3331.296030929093,,,,
1706846400,3326.8087190540073,3326.8087190540073,,,,
1706850000,3324.0585539683193,3324.0585539683193,,,,
1706853600,3327.5421505022505,3327.5421505022505,,,,
1706857200,3326.033458883964,3326.033458883964,,,,
1706860800,3305.741630475764,3305.741630475764,974799.1367202656,,,
1706864400,3309.7826438460315,3309.7826438460315,971879.806642756,,,
1706868000,3322.3229396208862,3322.3229396208862,730163.5002154681,,,
1706871600,3326.946339173213,3326.946339173213,,,,
1706875200,3329.6645781840434,3329.6645781840434,,,,
1706878800,3342.9579161727,3342.9579161727,,,,
1706882400,3351.638418011237,3351.638418011237,,,,
1706886000,3336.8403135346575,3336.8403135346575,,,,
1706889600,3334.3115356468925,3334.3115356468925,,,,
1706893200,3336.075083379299,3336.075083379299,,,,
1706896800,3334.7125733122343,3334.7125733122343,,,,
1706900400,3333.6726775748966,3333.6726775748966,,,,
1707105600,3328.2594215963777,3328.2594215963777,,,,
1707109200,3332.6015506278654,3332.6015506278654,,,,
1707112800,3332.6348372051007,3332.6348372051007,,,,
1707116400,3337.2203921361656,3337.2203921361656,,,,
1707120000,3326.236425510458,3326.236425510458,,,,
1707123600,3312.9133948034523,3312.9133948034523,480829.15100659034,,,
1707127200,3287.1547089246815,3287.1547089246815,-4878640.751764762,,,
1707130800,3301.8354485471314,3301.8354485471314,,,,
1707134400,3313.1642483567825,3313.1642483567825,,,,
1707138000,3310.9982815338167,3310.9982815338167,,,,
1707141600,3314.275831377935,3314.275831377935,,,,
1707145200,3305.50416210005,3305.50416210005,,,,
1707148800,3306.018039776159,3306.018039776159,,,,
1707152400,3305.6238779070486,3305.6238779070486,,,,
1707156000,3304.427052989788,3304.427052989788,,,,
1707159600,3304.7910635253565,3304.7910635253565,,,,
1707192000,3301.852371693223,3301.852371693223,,,,
1707195600,3301.0323645124104,3301.0323645124104,,,,
1707199200,3297.572665926421,3297.572665926421,,,,
1707202800,3295.8250529690586,3295.8250529690586,,,,
1707206400,3303.524119302749,3303.524119302749,,,,
1707210000,3324.891474210864,3324.891474210864,,,,
1707213600,3326.916220278131,3326.916220278131,,,,
1707217200,3321.1352588519853,3321.1352588519853,,,,
1707220800,3323.1383632329316,3323.1383632329316,,,,
1707224400,3324.995189238126,3324.995189238126,,,,
1707228000,3324.719134573825,3324.719134573825,,,,
1707231600,3335.2400877505324,3335.2400877505324,,,,
1707235200,3335.109083573561,3335.109083573561,,,,
1707238800,3332.1981696589933,3332.1981696589933,,,,
1707242400,3333.924709527705,3333.924709527705,-4880133.634757777,,,
1707246000,3334.684946221093,3334.684946221093,-4881624.248116366,,,
1707278400,3339.7486400182156,3339.7486400182156,,,,
1707282000,3339.6337102465445,3339.6337102465445,,,,
1707285600,3339.8980188008627,3339.8980188008627,-5420979.803863297,,,
1707289200,3341.891669348662,3341.891669348662,,,,
1707292800,3351.806442813011,3351.806442813011,-6068473.2751984475,,,
1707296400,3337.967055746383,3337.967055746383,,,,
1707300000,3346.4166149148996,3346.4166149148996,,,,
1707303600,3349.7650918903487,3349.7650918903487,,,,
1707307200,3357.9678347022145,3357.9678347022145,,,,
1707310800,3364.0751754241683,3364.0751754241683,,,,
1707314400,3361.884809187423,3361.884809187423,,,,
1707318000,3362.6092070357854,3362.6092070357854,-6067112.445424708,,,
1707321600,3362.315019812381,3362.315019812381,-6067414.9187764935,,,
1707325200,3357.4054066287445,3357.4054066287445,-6067223.671955739,,,
1707328800,3354.8264657283653,3354.8264657283653,,,,
1707332400,3356.0617193058465,3356.0617193058465,,,,
1707364800,3360.082871576714,3360.082871576714,,,,
1707368400,3355.501342653793,3355.501342653793,,,,
1707372000,3353.5374502540394,3353.5374502540394,,,,
1707375600,3356.604897384499,3356.604897384499,,,,
1707379200,3360.481610015546,3360.481610015546,-6071861.544727727,,,
1707382800,3355.7286112597717,3355.7286112597717,-6080812.676497567,,,
1707386400,3354.9542297572148,3354.9542297572148,,,,
1707390000,3353.240420442887,3353.240420442887,,,,
1707393600,3351.4677937486254,3351.4677937486254,,,,
1707397200,3359.8612997398773,3359.8612997398773,,,,
1707400800,3359.828819251493,3359.828819251493,,,,
1707404400,3363.3464169311874,3363.3464169311874,,,,
1707408000,3363.8191684096446,3363.8191684096446,,,,
1707411600,3361.1225970341516,3361.1225970341516,,,,
1707415200,3361.5704846544095,3361.5704846544095,,,,
1707418800,3362.6499663332174,3362.6499663332174,,,,
1707451200,3367.256966085756,3367.256966085756,-6081073.79638083,,,
1707454800,3368.8981022718754,3368.8981022718754,-6081514.412016109,,,
1707458400,3370.910386226829,3370.910386226829,-6081358.698505867,,,
1707462000,3374.3648774260128,3374.3648774260128,-6621874.671771646,,,
1707465600,3376.58278212014,3376.58278212014,-6622080.488410259,3385.973082426161,3347.3793421199584,3344.106626985638
1707469200,3384.021001502722,3384.021001502722,-7508917.803552169,3386.2774398551815,,3344.4109844146583
1707472800,3383.398840214591,3383.398840214591,-7510669.022865065,,,
1707476400,3380.4484506639305,3380.4484506639305,-7510363.7149290545,3389.317605769284,3355.748408912119,3347.451150328761
1707480000,3388.9054091296853,3388.9054091296853,,,,
1707483600,3392.5022814377103,3392.5022814377103,,,,
1707487200,3392.847149410114,3392.847149410114,-7510565.176687385,3389.619875408393,3356.8898848554454,3347.75341996787
1707490800,3394.1153465059324,3394.1153465059324,-7510990.452429243,3395.6396557723497,3362.909665219402,3353.7732003318265
1707494400,3392.804832533911,3392.804832533911,-7510839.471218568,,,
1707498000,3394.4276011487514,3394.4276011487514,,,,
1707501600,3392.549428627509,3392.549428627509,,,,
1707505200,3392.7429479203843,3392.7429479203843,-7510715.475023558,,,
1707710400,3394.1519598904897,3394.1519598904897,-10041369.982311659,3398.718929240352,3365.9889386874042,3356.8524737998287
1707714000,3396.401090897736,3396.401090897736,,,,
1707717600,3394.431924496855,3394.431924496855,,,,
1707721200,3392.3309008411234,3392.3309008411234,,,,
1707724800,3387.964351776058,3387.964351776058,,,,
1707728400,3393.7388364490384,3393.7388364490384,-10225903.199241245,,,
1707732000,3394.6474434387173,3394.6474434387173,-10262009.222553482,,,
1707735600,3398.855042920935,3398.855042920935,,,,
1707739200,3395.0849254072705,3395.0849254072705,,,,
1707742800,3393.719436048711,3393.719436048711,-10290008.196325911,,,
1707746400,3380.96464721503,3380.96464721503,,,,
1707750000,3386.214143684669,3386.214143684669,-10317513.668013612,,,
1707753600,3382.8567067720446,3382.8567067720446,,,,
1707757200,3381.59576501823,3381.59576501823,,,,
1707760800,3381.2463532955103,3381.2463532955103,,,,
1707764400,3379.6751011555707,3379.6751011555707,,,,
1707796800,3368.3794616773325,3368.3794616773325,,,,
1707800400,3367.4989822462217,3367.4989822462217,,,,
1707804000,3365.7222312202325,3365.7222312202325,,,,
1707807600,3362.815167227622,3362.815167227622,,,,
1707811200,3333.1605340847495,3333.1605340847495,-12369079.135284713,,,
1707814800,3335.0829236292047,3335.0829236292047,,,,
1707818400,3337.8243551781325,3337.8243551781325,,,,
1707822000,3339.6842043081197,3339.6842043081197,,,,
1707825600,3336.6079650782394,3336.6079650782394,,,,
1707829200,3332.7622777840447,3332.7622777840447,,,,
1707832800,3316.776658152315,3316.776658152315,,,,
1707836400,3333.161781972573,3333.161781972573,,,,
1707840000,3334.7512253509135,3334.7512253509135,,,,
1707843600,3337.1845763579195,3337.1845763579195,,,,
1707847200,3334.705161258747,3334.705161258747,,,,
1707850800,3334.897328047404,3334.897328047404,,,,
1707883200,3351.350116816124,3351.350116816124,,,,
1707886800,3350.6209162388936,3350.6209162388936,,,,
1707890400,3348.5711962500127,3348.5711962500127,,,,
1707894000,3350.263301495711,3350.263301495711,,,,
1707897600,3343.875216889222,3343.875216889222,,,,
1707901200,3335.3908613499866,3335.3908613499866,,,,
1707904800,3327.762535083318,3327.762535083318,,,,
1707908400,3327.1245539950532,3327.1245539950532,,,,
1707912000,3333.906740766459,3333.906740766459,,,,
1707915600,3336.9050167483874,3336.9050167483874,,,,
1707919200,3337.4495805694255,3337.4495805694255,,,,
1707922800,3355.817058252724,3355.817058252724,,,,
1707926400,3359.011388764436,3359.011388764436,,,,
1707930000,3358.458356401945,3358.458356401945,,,,
1707933600,3360.4304341360926,3360.4304341360926,,,,
1707937200,3359.3952043182962,3359.3952043182962,,,,
1707969600,3360.044508653399,3360.044508653399,,,,
1707973200,3358.2050611012914,3358.2050611012914,,,,
1707976800,3357.0362399630226,3357.0362399630226,,,,
1707980400,3364.021065241253,3364.021065241253,,,,
1707984000,3361.408899173467,3361.408899173467,,,,
1707987600,3371.2717815805736,3371.2717815805736,-12380463.920524051,,,
1707991200,3367.7885444255735,3367.7885444255735,,,,
1707994800,3371.9340423718504,3371.9340423718504,-13368017.167344192,,,
1707998400,3377.359789796927,3377.359789796927,,,,
1708002000,3382.9231958477003,3382.9231958477003,-20278886.538470924,,,
1708005600,3386.1979529351156,3386.1979529351156,-19205581.62741802,,,
1708009200,3398.591091654197,3398.591091654197,-24252659.328244828,,,
1708012800,3402.8900302932175,3402.8900302932175,-24857973.97882029,,,
1708016400,3401.802515775745,3401.802515775745,-25238926.938854538,,,
1708020000,3404.371650013736,3404.371650013736,-23654634.70788371,,,
1708023600,3402.719344002121,3402.719344002121,-23251296.51532499,,,
1708056000,3408.1260137579366,3408.1260137579366,-18123834.66035051,3402.0613205447,3369.331329991752,3360.1948651041766
1708059600,3412.384372775898,3412.384372775898,,,,
1708063200,3406.8711669111026,3406.8711669111026,,,,
1708066800,3402.8004766789936,3402.8004766789936,,,,
1708070400,3390.768654941474,3390.768654941474,,,,
1708074000,3362.412502406847,3362.412502406847,,,,
1708077600,3371.8925671724664,3371.8925671724664,-18141070.79620371,,,
1708081200,3382.7360268365237,3382.7360268365237,,,,
1708084800,3377.128032319454,3377.128032319454,,,,
1708088400,3381.311072749009,3381.311072749009,,,,
1708092000,3375.372914242411,3375.372914242411,,,,
1708095600,3375.589075237828,3375.589075237828,,,,
1708099200,3372.9163148503103,3372.9163148503103,,,,
1708102800,3373.4048482600715,3373.4048482600715,,,,
1708106400,3373.0277643336995,3373.0277643336995,,,,
1708110000,3371.0235984371766,3371.0235984371766,,,,
1708401600,3358.724227527407,3358.724227527407,,,,
1708405200,3353.278776277077,3353.278776277077,,,,
1708408800,3357.1291499642684,3357.1291499642684,,,,
1708412400,3361.4417728778444,3361.4417728778444,,,,
1708416000,3364.403558998646,3364.403558998646,,,,
1708419600,3345.1260949605603,3345.1260949605603,,3400.4155014737953,3367.6855109208477,3358.549046033272
1708423200,3343.779842757952,3343.779842757952,-18141563.233682398,,,
1708426800,3338.72139149717,3338.72139149717,-21686109.13945076,3398.79588413064,3366.0658935776923,3356.9294286901168
1708430400,3332.5243928647606,3332.5243928647606,-29427938.55438695,,,
1708434000,3336.941557189859,3336.941557189859,,,,
1708437600,3340.8549270690573,3340.8549270690573,,,,
1708441200,3346.0132281214237,3346.0132281214237,,,,
1708444800,3344.2379744572354,3344.2379744572354,,,,
1708448400,3340.0588855699334,3340.0588855699334,,,,
1708452000,3342.7869120965674,3342.7869120965674,,,,
1708455600,3340.6830054715906,3340.6830054715906,,,,
1708488000,3336.0016885895775,3336.0016885895775,,,,
1708491600,3340.6596629220876,3340.6596629220876,,,,
1708495200,3339.2508488526582,3339.2508488526582,,,,
1708498800,3335.779432873281,3335.779432873281,,,,
1708502400,3335.0248213451996,3335.0248213451996,,,,
1708506000,3342.3161893114197,3342.3161893114197,-29433096.82153672,3397.0735084816765,3363.0017199178287,3355.2070530411534
1708509600,3342.180863740642,3342.180863740642,,,,
1708513200,3342.1738775115605,3342.1738775115605,,,,
1708516800,3343.095027918982,3343.095027918982,,,,
1708520400,3342.352091696217,3342.352091696217,-29436117.182843335,,,
1708524000,3330.9969015316237,3330.9969015316237,-29437297.347817615,3396.603332404496,3361.5978284440316,3354.736876963973
1708527600,3350.1285676339594,3350.1285676339594,-29438734.906415455,,,
1708531200,3355.1995718365265,3355.1995718365265,-29438394.730289526,,,
1708534800,3355.90231562756,3355.90231562756,,,,
1708538400,3359.577124243345,3359.577124243345,,,,
1708542000,3365.775579484553,3365.775579484553,-29438631.93983629,,,
1708574400,3379.074481998737,3379.074481998737,-29440396.466821976,,,
1708578000,3379.672648469684,3379.672648469684,,,,
1708581600,3382.0843372438794,3382.0843372438794,,,,
1708585200,3376.4191104574306,3376.4191104574306,,,,
1708588800,3376.4347981732817,3376.4347981732817,,,,
1708592400,3380.689215343582,3380.689215343582,-29442296.5713456,,,
1708596000,3373.397342353429,3373.397342353429,,,,
1708599600,3371.9076022119225,3371.9076022119225,-29444618.51624214,,,
1708603200,3381.989440351672,3381.989440351672,,,,
1708606800,3388.829974594568,3388.829974594568,,,,
1708610400,3391.027984146468,3391.027984146468,,,,
1708614000,3397.982720489372,3397.982720489372,-29452961.30419839,,,
1708617600,3394.618278901184,3394.618278901184,,,,
1708621200,3391.897444509779,3391.897444509779,,,,
1708624800,3396.5063713902973,3396.5063713902973,,,,
1708628400,3391.0803053537697,3391.0803053537697,,,,
1708660800,3391.303850093576,3391.303850093576,,,,
1708664400,3392.5090927033034,3392.5090927033034,,,,
1708668000,3395.5415023865194,3395.5415023865194,,,,
1708671600,3398.98764611358,3398.98764611358,-29460114.974424727,3399.6161106155464,3364.610606655082,3357.7496551750232
1708675200,3400.9821079940302,3400.9821079940302,,,,
1708678800,3413.8067784922246,3413.8067784922246,-29476499.304297782,3418.916658881122,3380.743558191182,3377.050203440599
1708682400,3408.5396380176594,3408.5396380176594,-29476140.987751957,,,
1708686000,3398.9148728251885,3398.9148728251885,,,,
1708689600,3398.515094162841,3398.515094162841,,,,
1708693200,3395.9258811149825,3395.9258811149825,,,,
1708696800,3394.745147319193,3394.745147319193,,,,
1708700400,3391.020919129448,3391.020919129448,,,,
1708704000,3388.7067661930696,3388.7067661930696,,,,
1708707600,3387.52345215253,3387.52345215253,,,,
1708711200,3386.3907394175976,3386.3907394175976,,,,
1708714800,3386.991749989887,3386.991749989887,-18439034.164026137,3465.2192589805472,3434.9115111182177,3409.580743194729
