time,bh,fuzzy,fuzzy c
1696093200,3000.0,3000.0,3000.0
1696222800,2986.8587132011303,,
1696226400,2985.6600777322483,,
1696230000,2981.0187594958,,
1696233600,2968.7939837873973,,
1696237200,2971.5955274369885,,
1696240800,2974.1005777303485,,
1696244400,2978.228565374277,,
1696248000,2976.8536393784843,,
1696251600,2978.164240481081,,
1696255200,2975.2911086388012,,
1696258800,2990.453342177307,,
1696262400,2990.3860743133755,,
1696266000,2990.060014535443,,
1696269600,2991.4819267183266,,
1696273200,2991.1514295653988,,
1696305600,2989.861075159428,,
1696309200,2987.334815201477,,
1696312800,2986.7881543838485,,
1696316400,2971.9663996705963,,
1696320000,2964.9869956735743,,
1696323600,2990.415167111347,,
1696327200,2955.320600975847,,
1696330800,2963.5321549619925,,
1696334400,2967.9995264568097,,
1696338000,2960.617320961671,,
1696341600,2958.712323895667,,
1696345200,2961.654895362027,,
1696348800,2958.2387806275124,,
1696352400,2958.581993775641,,
1696356000,2960.40239403573,,
1696359600,2957.0966788247842,,
1696392000,2950.237501481013,,
1696395600,2953.3932466552264,,
1696399200,2952.999655313019,,
1696402800,2964.6748799898023,,
1696406400,2968.626705263009,,
1696410000,2981.00697257919,,
1696413600,2981.674489474382,,
1696417200,3000.5799670915744,,
1696420800,2997.8808226503497,,
1696424400,2988.392104815672,,
1696428000,2997.922836760783,,
1696431600,3010.600460919058,,
1696435200,3008.6233896253752,,
1696438800,3003.385274721698,,
1696442400,3003.2247009561934,,
1696446000,3003.500128481559,,
1696478400,2996.370573106016,,
1696482000,2997.8242707341537,,
1696485600,3002.416722130038,,
1696489200,3009.8362522023867,,
1696492800,2998.4233405343693,,
1696496400,3001.031648209654,,
1696500000,2988.583595599517,,
1696503600,2990.4760214056546,,
1696507200,2995.34071744912,,
1696510800,3010.603944227254,,
1696514400,3018.3926290760573,,
1696518000,3013.031272974612,,
1696521600,3009.9961987450315,,
1696525200,3010.0687086633807,,
1696528800,3011.1000294267087,,
1696532400,3009.223393539103,,
1696564800,3005.897136129961,,
1696568400,3009.7986819763023,,
1696572000,3015.1694823941907,,
1696575600,3010.2401505826174,,
1696579200,2977.1349005418692,,
1696582800,2989.0191888759887,,
1696586400,3004.448202479891,,
1696590000,3043.028000657154,,
1696593600,3041.5188304467138,,
1696597200,3050.560051868999,,
1696600800,3057.9056012659908,,
1696604400,3049.812015773938,,
1696608000,3054.7507282761976,,
1696611600,3052.807630284965,,
1696615200,3054.112463885038,,
1696618800,3054.1085044218985,,
1696824000,3023.080116778793,,
1696827600,3020.862200047674,,
1696831200,3022.7090257373648,,
1696834800,3022.199157546983,,
1696838400,3021.1597756049987,,
1696842000,3031.601098480745,,
1696845600,3016.716614177522,,
1696849200,3025.4877072608947,,
1696852800,3027.812329315164,,
1696856400,3052.6908317715747,,
1696860000,3057.163690314093,,
1696863600,3054.729410531999,,
1696867200,3054.0565761329935,,
1696870800,3051.330885609416,,
1696874400,3053.4048824373954,,
1696878000,3051.713171043566,,
1696910400,3063.014149708231,,
1696914000,3061.6823506591845,,
1696917600,3060.8870282039306,,
1696921200,3051.473961367726,,
1696924800,3053.585974912155,,
1696928400,3074.8906126840902,,
1696932000,3085.7331680583247,,
1696935600,3092.6736904243057,,
1696939200,3081.684415043349,,
1696942800,3067.442459769981,,
1696946400,3064.4896259204147,,
1696950000,3064.9503594962957,,
1696953600,3064.557127675122,,
1696957200,3065.3669282364513,,
1696960800,3067.4684215784505,,
1696964400,3069.7007745229917,,
1696996800,3069.608178668921,,
1697000400,3071.0504367481876,,
1697004000,3075.3664805513267,,
1697007600,3077.787861080046,,
1697011200,3077.1357449843,,
1697014800,3080.5094987413277,,
1697018400,3087.736040922168,,
1697022000,3073.684389785092,,
1697025600,3072.07271697327,,
1697029200,3069.258480946272,,
1697032800,3078.7782042537337,,
1697036400,3085.0259647077673,,
1697040000,3086.167533235398,,
1697043600,3084.964347658659,,
1697047200,3085.375238322531,,
1697050800,3085.553312392928,,
1697083200,3089.943990306669,,
1697086800,3093.88099226815,,
1697090400,3092.12021298964,,
1697094000,3091.422003431966,,
1697097600,3085.8604877617336,,
1697101200,3083.831651955159,,
1697104800,3088.475234232048,,
1697108400,3092.97199876307,,
1697112000,3094.9449004741555,,
1697115600,3064.936007501048,,
1697119200,3065.281643715007,,
1697122800,3072.6894939139393,,
1697126400,3073.7795744624245,,
1697130000,3073.4720944661876,,
1697133600,3070.8842675003216,,
1697137200,3073.9533714209674,,
1697169600,3066.8669810140864,,
1697173200,3057.6999653886887,,
1697176800,3061.787762730135,,
1697180400,3063.624566716637,,
1697184000,3075.1021867011077,,
1697187600,3099.750195170719,,
1697191200,3071.1100651116326,,
1697194800,3060.434852685487,,
1697198400,3062.2019933600627,,
1697202000,3052.2959263640614,,
1697205600,3053.648169291815,,
1697209200,3048.1756628480816,,
1697212800,3046.785230285938,,
1697216400,3045.634349875784,,
1697220000,3045.3720933745367,,
1697223600,3042.4462182851626,,
1697428800,3046.475563003877,,
1697432400,3053.251879029794,,
1697436000,3045.8571495984525,,
1697439600,3049.0778863322857,,
1697443200,3055.451697475254,,
1697446800,3064.1803138153714,,
1697450400,3077.933419317601,,
1697454000,3070.6638456097053,,
1697457600,3069.784520765012,,
1697461200,3072.303877684797,,
1697464800,3078.9362250759214,,
1697468400,3073.1413586518247,,
1697472000,3073.4090554405266,,
1697475600,3048.3957121852286,,
1697479200,3072.4173627789305,,
1697482800,3071.1700048647967,,
1697515200,3073.4647676921377,,
1697518800,3064.432546723166,,
1697522400,3063.168409013726,,
1697526000,3061.4713799479887,,
1697529600,3050.3451440453787,,
1697533200,3050.0948928834873,,
1697536800,3066.593666681704,,
1697540400,3082.6855246950627,,
1697544000,3086.3891092754147,,
1697547600,3071.8624470197847,,
1697551200,3069.315197980438,,
1697554800,3077.8828960976584,,
1697558400,3080.880889845801,,
1697562000,3074.9660015360396,,
1697565600,3077.824613772728,,
1697569200,3077.3649622242824,,
1697601600,3070.743702013982,,
1697605200,3068.9627529579475,,
1697608800,3063.012658170619,,
1697612400,3067.663460148393,,
1697616000,3062.4124629997636,,
1697619600,3073.0816133725607,,
1697623200,3058.180012246635,,
1697626800,3058.598427668815,,
1697630400,3047.3312487899043,,
1697634000,3056.696721166916,,
1697637600,3047.2991173091764,,
1697641200,3043.976419872873,,
1697644800,3050.5871838913313,,
1697648400,3037.6031659251985,,
1697652000,3026.7574021387104,2977.41374217048,2977.698061873511
1697655600,3022.276835301358,2974.379512814456,2974.663832517487
1697688000,3012.8159696401253,,
1697691600,3019.8325993579183,,
1697695200,3016.922718722952,,
1697698800,3009.931692772117,2969.846707380093,2971.641962227912
1697702400,3015.92230084447,,
1697706000,3013.169056493172,2956.456116895481,2962.159904019913
1697709600,3000.0413995271774,,
1697713200,3003.289773367301,,
1697716800,3011.359744214774,,
1697720400,3005.2222785966896,,
1697724000,2986.34211299017,,
1697727600,2986.9083217142074,,
1697731200,2979.970571520832,,
1697734800,2976.8915569690753,,
1697738400,2975.012551504945,,
1697742000,2975.7123924070374,,
1697774400,2984.51556688101,,
1697778000,2978.0863635903634,,
1697781600,2973.3936571521526,,
1697785200,2979.040916888069,,
1697788800,2971.2650387913377,,
1697792400,2974.8254019015576,,
1697796000,2955.4912890497853,,
1697799600,2957.666663229255,,
1697803200,2965.605878551871,,
1697806800,2961.063639360686,,
1697810400,2949.6283445665413,,
1697814000,2943.069794405535,,
1697817600,2943.946806205833,,
1697821200,2944.6169348934372,,
1697824800,2942.5151704836885,,
1697828400,2944.206933223541,,
1698033600,2934.319387393128,,
1698037200,2915.0368838112877,,
1698040800,2920.6859375938375,,
1698044400,2927.2894148365717,,
1698048000,2929.1310300912182,,
1698051600,2928.5125130336005,,
1698055200,2947.7511692574467,,
1698058800,2955.0402520723424,,
1698062400,2970.890260983999,,
1698066000,2960.5690774619197,,
1698069600,2955.962621208284,,
1698073200,2938.7558214336923,,
1698076800,2946.218567367562,,
1698080400,2944.0578685869314,,
1698084000,2944.91217716059,,
1698087600,2949.117770337963,,
1698120000,2955.671740101498,,
1698123600,2960.8909483050843,,
1698127200,2960.984878576819,,
1698130800,2964.1038497318636,,
1698134400,2961.0523871004084,,
1698138000,2970.415508551878,,
1698141600,2965.3609955905617,,
1698145200,2965.4561941572924,,
1698148800,2952.677053486659,,
1698152400,2962.5903205861755,,
1698156000,2967.941122554141,,
1698159600,2969.8518358922333,,
1698163200,2987.726535852628,,
1698166800,2991.027957704521,,
1698170400,2985.866584170994,,
1698174000,2986.1748203200837,,
1698206400,2980.1188077004917,,
1698210000,2977.8491996832645,,
1698213600,2982.3439594915326,,
1698217200,2981.60257805537,,
1698220800,2978.7479819240957,,
1698224400,2980.2102011598554,,
1698228000,2975.465697042715,,
1698231600,2968.385012781346,,
1698235200,2967.0039466132143,,
1698238800,2960.02263977128,,
1698242400,2960.0871182048304,,
1698246000,2956.981724600966,,
1698249600,2961.13942839117,,
1698253200,2956.963053354524,,
1698256800,2948.223717492565,,
1698260400,2938.9300785008327,,
1698292800,2933.508724129156,,
1698296400,2938.1086822017596,,
1698300000,2936.2915837309542,,
1698303600,2935.247682117055,,
1698307200,2956.0747496121926,,
1698310800,2940.0398051661514,,
1698314400,2953.0876869585773,,
1698318000,2933.861516901149,,
1698321600,2913.0114325524437,,
1698325200,2920.7555029753917,,
1698328800,2940.447002162815,,
1698332400,2917.116339625527,,
1698336000,2916.8252181823937,,
1698339600,2920.2472552431277,,
1698343200,2927.7509654786672,,
1698346800,2933.4269445065283,,
1698379200,2940.2759730946054,,
1698382800,2941.3296992909704,,
1698386400,2931.0077358415792,,
1698390000,2921.1013557945803,,
1698393600,2929.7761005522434,,
1698397200,2922.6800631666993,,
1698400800,2919.847716223842,,
1698404400,2924.705066632514,,
1698408000,2907.3657044548168,,
1698411600,2898.6869558355343,,
1698415200,2888.7270226286078,,
1698418800,2895.659341744591,,
1698422400,2896.282402619401,,
1698426000,2894.025763411136,,
1698429600,2895.3429517757063,,
1698433200,2894.5009403539157,,
1698638400,2915.946877137819,,
1698642000,2917.0871089506686,,
1698645600,2917.362150226996,,
1698649200,2918.3567783065114,,
1698652800,2913.6476675996028,,
1698656400,2936.615883311668,,
1698660000,2911.6572309103462,,
1698663600,2915.807193987233,,
1698667200,2902.642064195115,,
1698670800,2922.1148174000223,,
1698674400,2920.742488056856,,
1698678000,2919.309781031305,,
1698681600,2917.7131776475794,,
1698685200,2916.5433590485304,,
1698688800,2914.116558300626,,
1698692400,2914.295567374277,,
1698724800,2916.0136664112265,2953.4507403043317,
1698728400,2918.001407742733,,
1698732000,2916.9448923777,,
1698735600,2916.0793516805707,2944.7619113184196,2920.9101331621664
1698739200,2918.447300093016,,
1698742800,2922.6030181536535,,
1698746400,2927.519315592863,,
1698750000,2926.0769352457974,,
1698753600,2929.9174898488363,,
1698757200,2944.080562993882,,
1698760800,2945.56297969858,,
1698764400,2946.921541969545,,
1698768000,2940.9146282878805,,
1698771600,2942.8267364535645,,
1698775200,2940.5642040114717,,
1698778800,2941.25467476541,,
1698811200,2944.0043305960103,,
1698814800,2940.43105098401,,
1698818400,2941.6917683421,,
1698822000,2936.6317761456735,,
1698825600,2952.1667677683317,,
1698829200,2953.5356458991537,,
1698832800,2959.4187259783057,,
1698836400,2955.6309798682037,,
1698840000,2948.6652756801777,,
1698843600,2949.1374355689136,,
1698847200,2959.7376800825164,,
1698850800,2970.874248714388,,
1698854400,2973.7809801380363,,
1698858000,2979.440534903205,,
1698861600,2979.186031839023,,
1698865200,2981.611233553981,,
1698897600,2995.1968248123862,,
1698901200,2995.2759192612634,,
1698904800,2998.775546137547,,
1698908400,3002.2257884556197,,
1698912000,3012.238400911405,,
1698915600,3011.356538974476,,
1698919200,3032.8787963349405,,
1698922800,3028.7681334753215,,
1698926400,3032.2501214242484,,
1698930000,3042.1253155796167,,
1698933600,3043.79053199387,,
1698937200,3046.7340505090533,,
1698940800,3037.1972878736633,,
1698944400,3018.6667470608077,,
1698948000,3028.5734488556113,,
1698951600,3024.873821686762,,
1698984000,3026.0879515847237,,
1698987600,3024.9606903158146,,
1698991200,3027.9501266692273,,
1698994800,3036.9492712644515,,
1698998400,3053.7286086021495,,
1699002000,3069.3951290310647,,
1699005600,3069.2535235008017,,
1699009200,3066.102915914319,,
1699012800,3073.0886602048095,,
1699016400,3070.4420928615223,,
1699020000,3075.525691587768,,
1699023600,3071.968267520484,,
1699027200,3071.717211098947,,
1699030800,3072.031667233029,,
1699034400,3072.1626027574434,,
1699038000,3072.0906853862343,,
1699243200,3088.2419290258226,,
1699246800,3085.3123678968805,,
1699250400,3060.762945097552,,
1699254000,3082.716577548056,,
1699257600,3079.203499844751,,
1699261200,3086.579026205297,,
1699264800,3086.6287360522747,,
1699268400,3091.6584640249707,,
1699272000,3084.4348869492956,,
1699275600,3077.3953249999304,,
1699279200,3086.729504600989,,
1699282800,3093.250196842861,,
1699286400,3090.6582086349135,,
1699290000,3086.653913072528,,
1699293600,3087.3561235544385,,
1699297200,3086.0273158090204,,
1699329600,3085.479476723524,,
1699333200,3085.821956609454,,
1699336800,3054.588010986427,,
1699340400,3086.789509812033,,
1699344000,3091.95423732091,,
1699347600,3098.200555071306,,
1699351200,3106.891805482424,,
1699354800,3109.89414296532,,
1699358400,3111.746075246663,,
1699362000,3119.375045430229,,
1699365600,3118.5189430395903,,
1699369200,3122.704488665236,,
1699372800,3120.705209103823,,
1699376400,3121.4285107750884,,
1699380000,3120.101329016678,,
1699383600,3121.8402566801624,,
1699416000,3120.0748363251505,,
1699419600,3119.508720625953,,
1699423200,3121.6557174787085,,
1699426800,3122.1727351631857,,
1699430400,3120.768725390343,,
1699434000,3131.664582492691,,
1699437600,3122.964816153827,,
1699441200,3117.5617802191555,,
1699444800,3117.648076699663,,
1699448400,3122.3714695324957,,
1699452000,3121.0436059939166,,
1699455600,3129.3683945027215,,
1699459200,3124.1432672832993,,
1699462800,3125.486017995313,,
1699466400,3125.246108524688,,
1699470000,3122.898942438622,,
1699502400,3119.980665236568,,
1699506000,3122.585926536396,,
1699509600,3120.96398227759,,
1699513200,3118.4231970591827,,
1699516800,3117.968680311358,,
1699520400,3110.7412882946846,,
1699524000,3104.072887587177,,
1699527600,3102.9341170999164,,
1699531200,3096.6783414878355,,
1699534800,3084.9750480312514,,
1699538400,3074.3122720224815,,
1699542000,3081.2894936773273,,
1699545600,3080.183302400033,,
1699549200,3086.8650037531015,,
1699552800,3076.3155537266994,,
1699556400,3074.7045708511587,,
1699588800,3074.30670667646,,
1699592400,3072.7904692900684,,
1699596000,3071.446112190887,,
1699599600,3084.509985338576,,
1699603200,3088.7353800760006,,
1699606800,3100.7552441011094,,
1699610400,3090.3355936159132,,
1699614000,3100.533536698985,,
1699617600,3114.5188200307925,,
1699621200,3119.6773365170557,,
1699624800,3119.680301906978,,
1699628400,3126.86380616962,,
1699632000,3123.3059990326565,,
1699635600,3121.9767017224967,,
1699639200,3123.2241501046615,,
1699642800,3122.864263825969,,
1699848000,3124.507622412574,,
1699851600,3124.245730995651,,
1699855200,3123.7546949949915,,
1699858800,3124.455813213458,,
1699862400,3121.0723630687708,,
1699866000,3106.432037943462,,
1699869600,3116.991344962529,,
1699873200,3126.219057906174,,
1699876800,3119.004839929611,,
1699880400,3118.0311874679055,,
1699884000,3119.8548994990533,,
1699887600,3120.1253514875025,,
1699891200,3120.3600349133385,,
1699894800,3122.296528186287,,
1699898400,3123.3411070883267,,
1699902000,3128.552540481167,,
1699934400,3134.293834028894,,
1699938000,3132.6638304330736,,
1699941600,3104.2068670932113,,
1699945200,3131.649176197524,,
1699948800,3182.5660076004724,,
1699952400,3176.183481168101,,
1699956000,3179.065349011514,,
1699959600,3175.755088554546,,
1699963200,3184.0824733284876,,
1699966800,3178.2107032793633,,
1699970400,3189.759679587964,,
1699974000,3186.1977446072196,,
1699977600,3190.5735663565774,,
1699981200,3191.4751721999273,,
1699984800,3194.824817645863,,
1699988400,3197.78581348772,,
1700020800,3200.1712869539674,,
1700024400,3204.739354469353,,
1700028000,3210.4907287889173,,
1700031600,3209.5185336777977,,
1700035200,3201.4736537123695,,
1700038800,3213.5721816250507,,
1700042400,3235.912670229856,,
1700046000,3219.7874022493284,,
1700049600,3223.363997684761,,
1700053200,3225.956338492102,,
1700056800,3226.715779520006,,
1700060400,3221.050309696689,,
1700064000,3219.906606821898,,
1700067600,3214.996143261553,,
1700071200,3222.310819679784,,
1700074800,3220.2137912799544,,
1700107200,3219.3059488963245,,
1700110800,3222.029686268065,,
1700114400,3219.9903442296895,,
1700118000,3214.382666873785,,
1700121600,3220.291766507749,,
1700125200,3233.363484130368,,
1700128800,3216.109421661784,,
1700132400,3216.2036868145615,,
1700136000,3222.6019236501047,,
1700139600,3211.8884484908785,,
1700143200,3215.0312355402166,,
1700146800,3223.7131248487954,,
1700150400,3226.202931732823,,
1700154000,3221.923947532566,,
1700157600,3221.4319920704484,,
1700161200,3222.9358903406273,,
1700193600,3229.0214700647966,,
1700197200,3233.4221365852945,,
1700200800,3231.9489685756434,,
1700204400,3231.6395022911884,,
1700208000,3226.2572911939874,,
1700211600,3207.6188192142395,,
1700215200,3207.7677166649933,,
1700218800,3213.864405645575,,
1700222400,3216.360597896797,,
1700226000,3218.9766149592306,,
1700229600,3216.1758217055203,,
1700233200,3211.3612170935075,,
1700236800,3205.422355895245,,
1700240400,3205.2220097574677,,
1700244000,3204.2018799372427,,
1700247600,3205.154719938978,,
1700452800,3228.200189808835,,
1700456400,3223.376636201453,,
1700460000,3227.3923219293642,,
1700463600,3218.24764524771,,
1700467200,3216.677539817278,,
1700470800,3223.3413950501103,,
1700474400,3220.483049060699,,
1700478000,3224.9644662490864,,
1700481600,3224.7168807831076,,
1700485200,3233.658603019963,,
1700488800,3241.2629842264478,,
1700492400,3239.919402845978,,
1700496000,3238.4169727426365,,
1700499600,3239.035671087549,,
1700503200,3240.985225366896,,
1700506800,3243.2100843546505,,
1700539200,3241.4951098123756,,
1700542800,3242.2144471440033,,
1700546400,3236.423969008163,,
1700550000,3236.466486187589,,
1700553600,3225.4613334956075,,
1700557200,3241.3137528722737,,
1700560800,3235.8898512364653,,
1700564400,3234.518354118125,,
1700568000,3238.519241166996,,
1700571600,3235.6555065886846,,
1700575200,3238.923259866508,,
1700578800,3239.3754986509853,,
1700582400,3235.682635142171,,
1700586000,3235.296410470842,,
1700589600,3234.118215173419,,
1700593200,3234.265979809055,,
1700625600,3242.8917584359688,,
1700629200,3248.513112486247,,
1700632800,3248.5951569678878,,
1700636400,3250.9318169402013,,
1700640000,3253.2298461352793,,
1700643600,3246.0658310475837,,
1700647200,3239.122165064224,,
1700650800,3245.0846832785833,,
1700654400,3244.666934795362,,
1700658000,3248.883133130342,,
1700661600,3244.5567052419183,,
1700665200,3247.630577194539,,
1700668800,3246.313213809372,,
1700672400,3244.1541190806943,,
1700676000,3245.212872487066,,
1700679600,3246.7651921977535,,
1700798400,3243.6160052829005,,
1700802000,3242.986074926,,
1700805600,3244.0347654726643,,
1700809200,3246.437230500593,,
1700812800,3244.519183971652,,
1700816400,3246.895239874687,,
1700820000,3247.9432035680306,,
1700823600,3241.7446793652152,,
1700827200,3245.1016364036122,,
1700830800,3242.4463907704876,,
1700834400,3244.0837237031537,,
1700838000,3244.973948153544,,
1700841600,3244.5825094366614,,
1700845200,3135.0316326070742,,
1701057600,3235.7091201774692,,
1701061200,3240.8636507339957,,
1701064800,3237.083363771995,,
1701068400,3241.9053270462286,,
1701072000,3242.807863169063,,
1701075600,3238.5702165235434,,
1701079200,3243.651793124981,,
1701082800,3250.0987598113406,,
1701086400,3255.8040251861453,2957.401238684743,2932.9836305100066
1701090000,3255.7926822513064,,
1701093600,3251.6015065766087,,
1701097200,3249.441930435077,,
1701100800,3249.002413497646,,
1701104400,3249.149184122725,,
1701108000,3250.2456205939407,,
1701111600,3252.4780147611777,,
1701144000,3249.87083320242,,
1701147600,3250.7691967960664,,
1701151200,3250.2766478710314,,
1701154800,3247.0208382342,,
1701158400,3248.409724522495,,
1701162000,3252.2098915607517,,
1701165600,3268.3899859634203,,
1701169200,3279.8161048999987,2984.5740585421736,2951.032275442421
1701172800,3275.248065147977,,
1701176400,3275.593019597918,,
1701180000,3280.47640682521,,
1701183600,3284.046770170383,,
1701187200,3283.9268006161947,,
1701190800,3283.0684257758726,,
1701194400,3287.2971845464826,,
1701198000,3289.8995937571126,,
1701230400,3296.6356437349277,2998.8656119084126,3006.9275477043757
1701234000,3297.3754847916002,,
1701237600,3302.0126686800977,,
1701241200,3305.4806786502995,,
1701244800,3305.536288528251,,
1701248400,3315.868738717155,3005.1076278230953,3023.9586305753983
1701252000,3309.354855491744,,
1701255600,3298.830017049516,,
1701259200,3302.058459994766,,
1701262800,3299.3521355686607,,
1701266400,3291.6250714269772,,
1701270000,3284.1904494854425,,
1701273600,3286.078690686417,,
1701277200,3289.390192119317,,
1701280800,3285.513710327128,,
1701284400,3288.3640213849667,,
1701316800,3291.546732462068,,
1701320400,3261.8736761160135,,
1701324000,3290.290902940598,,
1701327600,3296.807460824689,,
1701331200,3291.4585970504377,,
1701334800,3282.566767702276,,
1701338400,3281.62593568491,,
1701342000,3273.252092255641,,
1701345600,3277.150204965726,,
1701349200,3269.69329967736,,
1701352800,3280.8429779117223,,
1701356400,3290.1224620603098,,
1701360000,3279.2371198478304,,
1701363600,3281.649418360772,,
1701367200,3279.426107553928,,
1701370800,3280.826802821147,,
1701403200,3288.298894651998,,
1701406800,3285.1319280805405,,
1701410400,3283.9356851994517,,
1701414000,3273.399354917329,,
1701417600,3270.8475001829324,,
1701421200,3279.8636144367,,
1701424800,3279.984367158789,,
1701428400,3297.8839815160704,,
1701432000,3309.0255351311703,,
1701435600,3299.8893905835557,,
1701439200,3310.7696052113406,3015.261883142244,3030.051183766888
1701442800,3311.522198284083,3039.880777531024,3048.211394754303
1701446400,3309.313538358966,,
1701450000,3313.2227157907223,,
1701453600,3312.6240660850135,,
1701457200,3315.363369194435,,
1701662400,3302.974535869322,,
1701666000,3303.0018511709977,,
1701669600,3299.4313841833114,,
1701673200,3302.5391070189057,,
1701676800,3290.9837933893746,,
1701680400,3299.376408252613,,
1701684000,3281.3835142784574,,
1701687600,3296.2835798098345,,
1701691200,3303.11097966338,3045.893356147376,3054.223973370655
1701694800,3302.87088695729,3076.043842911568,3084.374460134847
1701698400,3302.5178420543175,3088.6783164636636,3096.4458275236307
1701702000,3306.03527245523,,
1701705600,3304.632343053535,,
1701709200,3304.6632318978245,,
1701712800,3305.3411642140936,,
1701716400,3304.247762676181,,
1701748800,3298.10131889941,,
1701752400,3290.716171028125,,
1701756000,3291.593113174302,,
1701759600,3295.156133014931,,
1701763200,3297.565948732923,,
1701766800,3321.072709184831,,
1701770400,3349.771677069063,,
1701774000,3338.633848767735,,
1701777600,3339.744327413819,,
1701781200,3332.9279344737047,,
1701784800,3336.1022124748038,,
1701788400,3332.1322126728505,,
1701792000,3333.1683919137868,,
1701795600,3331.471156477115,,
1701799200,3335.005698739343,,
1701802800,3340.0276942295854,,
1701835200,3339.483005862116,,
1701838800,3340.9190631587253,,
1701842400,3337.275123342872,,
1701846000,3339.9799826042336,,
1701849600,3342.7971080135126,,
1701853200,3345.6296352659024,,
1701856800,3336.7226333463263,,
1701860400,3339.5415503588374,3100.70547575099,3114.5255099829446
1701864000,3334.908402099695,3105.8248098211043,3126.688964298506
1701867600,3333.083373653655,,
1701871200,3330.8226434830594,,
1701874800,3318.455485549812,,
1701878400,3314.270873221936,,
1701882000,3317.196139387993,,
1701885600,3317.7255932288526,,
1701889200,3318.1462704168903,,
1701921600,3318.840665845702,,
1701925200,3311.4829367932102,,
1701928800,3310.618104630821,,
1701932400,3309.186439526422,,
1701936000,3315.2420868643344,,
1701939600,3315.168954458224,,
1701943200,3333.58202589837,,
1701946800,3334.4183287198503,,
1701950400,3325.1299996072203,,
1701954000,3325.1271685493357,,
1701957600,3325.3877302365963,,
1701961200,3327.7430990608286,,
1701964800,3320.7749762854846,,
1701968400,3325.6152866142247,,
1701972000,3326.64102497975,,
1701975600,3326.9742604403723,,
1702008000,3326.501409503554,,
1702011600,3324.2825735487354,,
1702015200,3322.197009311038,,
1702018800,3321.0260796093385,,
1702022400,3319.8971077301044,,
1702026000,3330.733665260723,,
1702029600,3352.6640924592084,,
1702033200,3340.668667513678,,
1702036800,3345.120565734752,,
1702040400,3350.9567439201605,,
1702044000,3355.29654408028,,
1702047600,3357.2380561444047,,
1702051200,3356.4999482512576,,
1702054800,3355.3933754137583,,
1702058400,3357.2006563335044,,
1702062000,3358.561924144072,,
1702267200,3350.4227856434527,,
1702270800,3351.259786853078,,
1702274400,3360.463405550707,,
1702278000,3359.5596237948594,,
1702281600,3360.9529746807007,,
1702285200,3351.7890077742118,,
1702288800,3352.238402756923,,
1702292400,3345.330210803598,,
1702296000,3350.452679504181,,
1702299600,3353.592340238226,,
1702303200,3354.3031578846126,,
1702306800,3358.555527808349,,
1702310400,3358.972185992698,,
1702314000,3357.5200573627917,,
1702317600,3359.060429713012,,
1702321200,3360.132869775058,,
1702353600,3364.742220690625,,
1702357200,3360.2395314442856,,
1702360800,3361.1798562265512,,
1702364400,3363.506932212571,,
1702368000,3355.8192946562017,,
1702371600,3358.4378435844583,,
1702375200,3364.5885669384443,,
1702378800,3365.5605678010556,,
1702382400,3363.8241678264144,,
1702386000,3367.550202417263,,
1702389600,3368.8400649152973,,
1702393200,3376.900583322136,,
1702396800,3378.3909632423406,,
1702400400,3377.4728298247896,,
1702404000,3379.2143576701096,,
1702407600,3377.272203703713,,
1702440000,3374.6941111496694,,
1702443600,3370.6225245810792,,
1702447200,3375.832916725886,,
1702450800,3375.716548956169,,
1702454400,3379.1511297668494,,
1702458000,3374.7301615478464,,
1702461600,3367.42610317915,,
1702465200,3359.2064722309074,,
1702468800,3365.1467486564666,,
1702472400,3362.9372330726965,,
1702476000,3396.618891576148,,
1702479600,3396.832074027943,,
1702483200,3394.982376885038,,
1702486800,3395.72402862852,,
1702490400,3400.044528686576,,
1702494000,3406.1091779431554,,
1702526400,3406.560167007447,,
1702530000,3408.485593182726,,
1702533600,3408.1178408813803,,
1702537200,3410.8692915147494,,
1702540800,3415.671278093279,,
1702544400,3403.616271200881,,
1702548000,3413.626274881324,,
1702551600,3418.033087157656,,
1702555200,3422.0116217145746,,
1702558800,3406.6828252478867,,
1702562400,3412.2665469443923,,
1702566000,3414.6159055642247,,
1702569600,3413.3064403519784,,
1702573200,3412.9692143113543,,
1702576800,3414.048534181136,,
1702580400,3413.0610188922233,,
1702612800,3429.284998598341,3111.916267155261,3132.7804216326626
1702616400,3427.942271499815,,
1702620000,3426.6732805222887,,
1702623600,3424.966718894716,,
1702627200,3417.078545427139,,
1702630800,3414.5127637392766,,
1702634400,3430.736713256434,,
1702638000,3432.7552682460714,,
1702641600,3430.6728880730047,,
1702645200,3420.9509579230353,,
1702648800,3423.115168221314,,
1702652400,3423.550451038491,,
1702656000,3423.503469873024,,
1702659600,3425.7320700458886,,
1702663200,3426.521184195721,,
1702666800,3426.6693717549992,,
1702872000,3423.664538269621,,
1702875600,3424.217313398086,,
1702879200,3422.5700907337855,,
1702882800,3427.3859742248083,,
1702886400,3429.8848134723426,,
1702890000,3428.36535818579,,
1702893600,3428.196151244564,,
1702897200,3427.631830881788,,
1702900800,3430.572494263824,,
1702904400,3434.669740431638,,
1702908000,3432.2310816993495,,
1702911600,3427.782266058997,,
1702915200,3425.131257800766,,
1702918800,3425.0215600631136,,
1702922400,3424.816207120945,,
1702926000,3424.5668245143884,,
1702958400,3433.2944708460395,,
1702962000,3431.6611440538472,,
1702965600,3433.347170028234,,
1702969200,3436.9035970922714,,
1702972800,3434.0869317297665,,
1702976400,3438.9466014057475,,
1702980000,3446.975430805745,,
1702983600,3442.716476038725,,
1702987200,3443.4895365807783,,
1702990800,3443.9107989131676,,
1702994400,3444.6280949375996,,
1702998000,3453.394815814184,,
1703001600,3452.4609375025993,,
1703005200,3452.7422367983804,,
1703008800,3449.0758307081023,,
1703012400,3452.798748468021,,
1703044800,3441.329052224971,,
1703048400,3442.264115661536,,
1703052000,3440.314865173348,,
1703055600,3442.4132160681675,,
1703059200,3444.0961821303013,,
1703062800,3455.6331203281056,3132.2158219987623,3143.0151673237056
1703066400,3457.36710057855,,
1703070000,3459.3255140154247,,
1703073600,3461.3735295263546,,
1703077200,3458.542719007325,,
1703080800,3421.403522500053,,
1703084400,3405.2864501085764,,
1703088000,3408.5406990425013,,
1703091600,3411.012468550763,,
1703095200,3414.87200210702,,
1703098800,3415.566379576541,,
1703131200,3426.6796722968197,,
1703134800,3424.6926030539685,,
1703138400,3425.6394198005614,,
1703142000,3427.8667657991323,,
1703145600,3434.747423340439,,
1703149200,3422.7099209400894,,
1703152800,3421.1962103036735,,
1703156400,3420.3040957191183,,
1703160000,3408.450922457151,,
1703163600,3416.081877112143,,
1703167200,3419.3848369086086,,
1703170800,3434.921969433124,,
1703174400,3401.8901758424013,,
1703178000,3365.843727364239,,
1703181600,3363.947394383641,,
1703185200,3362.2178276739237,,
1703217600,3356.215311943007,,
1703221200,3356.1433902815097,,
1703224800,3359.8889848507342,,
1703228400,3359.640597061297,,
1703232000,3364.8532541199615,,
1703235600,3380.801180921753,,
1703239200,3377.302406010316,,
1703242800,3373.809162780813,,
1703246400,3375.837269857102,,
1703250000,3369.3846259505826,,
1703253600,3362.8917493679933,,
1703257200,3359.476235555988,,
1703260800,3357.5381683477854,,
1703264400,3359.6792858129415,,
1703268000,3359.12896977364,,
1703271600,3359.886185001429,,
1703563200,3369.4986778004554,,
1703566800,3293.062258230552,,
1703570400,3368.4712789709656,,
1703574000,3368.941715896163,,
1703577600,3366.177466544623,,
1703581200,3364.0344546271,,
1703584800,3369.1855753957357,,
1703588400,3371.82314103261,,
1703592000,3372.500683659103,,
1703595600,3373.878380733927,,
1703599200,3373.476812138213,,
1703602800,3373.45180578705,,
1703606400,3372.411684557438,,
1703610000,3371.7007501093503,,
1703613600,3373.824093388168,,
1703617200,3371.9716243632865,,
1703649600,3374.2696204146673,,
1703653200,3375.389319164056,,
1703656800,3375.7437552056585,,
1703660400,3377.3375114241207,,
1703664000,3378.1084399583015,,
1703667600,3380.333207203469,3169.9736264090006,3144.6192403790833
1703671200,3375.429553849822,,
1703674800,3380.1495839644176,,
1703678400,3379.3430064672966,,
1703682000,3383.0415718841173,,
1703685600,3376.4341056933918,,
1703689200,3382.12366295084,,
1703692800,3381.5057254775775,,
1703696400,3383.602724319188,,
1703700000,3384.269120931219,,
1703703600,3384.141458625493,,
1703736000,3388.6219414569746,3184.013722622552,
1703739600,3390.645302845088,,
1703743200,3391.150563703294,,
1703746800,3390.3302545178235,,
1703750400,3389.5322426257326,,
1703754000,3387.09954449842,,
1703757600,3393.8797043309532,,
1703761200,3390.842176185994,,
1703764800,3394.225088278106,3193.0299366705044,3150.630049744385
1703768400,3389.1746872977656,,
1703772000,3387.129821908524,,
1703775600,3381.4460308064477,,
1703779200,3382.4505562609884,,
1703782800,3383.7933082333598,,
1703786400,3384.8588815217654,,
1703790000,3388.0132093980583,,
1703822400,3387.849539902314,,
1703826000,3388.019700543353,,
1703829600,3388.119805318628,,
1703833200,3386.382339102018,,
1703836800,3385.8999616993847,,
1703840400,3385.251952960946,,
1703844000,3371.4532641915375,,
1703847600,3361.954877792618,,
1703851200,3359.9943715984664,,
1703854800,3368.2996724513973,,
1703858400,3370.467513324035,,
1703862000,3367.7857884643618,,
1703865600,3366.0032747842315,,
1703869200,3365.016282853242,,
1703872800,3363.9796955203346,,
1703876400,3363.0654830478975,,
1704168000,3366.8255649655075,,
1704171600,3360.5521260247524,,
1704175200,3343.694610923594,,
1704178800,3334.3774203395515,,
1704182400,3344.584175056491,,
1704186000,3327.0801071568258,,
1704189600,3324.725525539159,,
1704193200,3337.14290115069,,
1704196800,3330.0733665193693,3218.694641924207,3168.81676899989
1704200400,3325.3745928754925,3225.2556419242073,3174.81676899989
1704204000,3313.3080081291787,,
1704207600,3328.237318375047,,
1704211200,3328.1590249383376,,
1704214800,3328.8502450265396,,
1704218400,3325.139944793005,,
1704222000,3323.677950499061,,
1704254400,3311.0533303988545,,
1704258000,3310.522678293687,,
1704261600,3311.4502524928585,,
1704265200,3302.868353115997,,
1704268800,3307.497252008311,,
1704272400,3296.257806217185,,
1704276000,3288.6697493584825,3212.729983101416,3158.4202814748282
1704279600,3289.926698552534,,
1704283200,3298.2618240139927,,
1704286800,3297.37000516967,,
1704290400,3297.449455563579,,
1704294000,3283.6397831507475,3209.669656873747,3156.5471056183615
1704297600,3284.644217712862,,
1704301200,3280.12968848619,,
1704304800,3282.7571908199693,,
1704308400,3282.8905936248607,,
1704340800,3278.804806416004,3181.742894189532,3126.303980158865
1704344400,3277.563688582035,,
1704348000,3274.0410464749257,,
1704351600,3277.329917645028,,
1704355200,3266.0429047905222,,
1704358800,3280.989085430808,,
1704362400,3289.126834276701,,
1704366000,3285.5521933197347,,
1704369600,3285.29138377186,,
1704373200,3284.886320327864,,
1704376800,3279.6740975541416,,
1704380400,3266.028255048788,,
1704384000,3267.8096971731075,,
1704387600,3267.6412736495727,,
1704391200,3269.7843993092088,,
1704394800,3270.1626010230343,,
1704427200,3253.351403639414,,
1704430800,3249.619776671665,,
1704434400,3249.13994017548,3172.9735703016145,3116.0029187097653
1704438000,3254.6570992005636,,
1704441600,3254.250744023369,,
1704445200,3271.141637138047,,
1704448800,3283.3724364655286,,
1704452400,3270.849188808925,,
1704456000,3261.6203773976554,,
1704459600,3266.4506012314578,,
1704463200,3253.9893683790015,,
1704466800,3257.8022767586554,,
1704470400,3257.393392603321,,
1704474000,3260.1898276342495,,
1704477600,3259.6519475768005,,
1704481200,3257.539370861283,,
1704686400,3249.0713661143996,,
1704690000,3250.872060490634,,
1704693600,3255.159370709258,3163.9298382392717,3112.8191804052053
1704697200,3262.9824515554837,,
1704700800,3260.229048798071,,
1704704400,3260.078567355194,,
1704708000,3262.9002936887705,,
1704711600,3268.1093639893375,,
1704715200,3274.6497037854406,,
1704718800,3281.362298038808,,
1704722400,3295.213309255313,,
1704726000,3301.4513661546116,,
1704729600,3298.4088158373534,,
1704733200,3297.6835367580716,,
1704736800,3298.077075228462,,
1704740400,3298.2357543062326,,
1704772800,3294.594710115539,,
1704776400,3292.3634024733933,,
1704780000,3289.0822337211494,,
1704783600,3291.596807479644,,
1704787200,3283.7575090951295,,
1704790800,3268.36865544884,,
1704794400,3266.7989067548447,,
1704798000,3280.5128518886363,,
1704801600,3276.567211169038,,
1704805200,3276.157242820757,,
1704808800,3273.312784915413,,
1704812400,3277.984984899451,,
1704816000,3277.4144999463774,,
1704819600,3277.1500393854176,,
1704823200,3277.084361955379,,
1704826800,3276.907619227697,,
1704859200,3284.5882667660762,,
1704862800,3286.571072163242,,
1704866400,3281.635111526993,,
1704870000,3280.3923414336177,,
1704873600,3278.5674944697926,,
1704877200,3274.2161954730987,,
1704880800,3284.193397088645,,
1704884400,3280.3355583260054,,
1704888000,3283.4943940570292,,
1704891600,3288.4869983260232,,
1704895200,3303.293003207875,,
1704898800,3300.463956794402,,
1704902400,3303.068399676067,,
1704906000,3301.4667317489084,,
1704909600,3302.2934202320707,,
1704913200,3304.4189559803344,,
1704945600,3312.1683111457332,,
1704949200,3311.0195381820413,,
1704952800,3311.280850722213,,
1704956400,3306.594189143349,,
1704960000,3287.779931538128,3154.654891060193,3109.743331565141
1704963600,3286.7773887493136,3151.5090062138493,3106.597446718797
1704967200,3277.0610305107357,3147.795589923504,3102.8840304284518
1704970800,3268.2595411885904,,
1704974400,3279.000225422855,,
1704978000,3292.6380566459993,,
1704981600,3299.6579902430312,,
1704985200,3300.7477529061225,,
1704988800,3298.4629932303083,,
1704992400,3296.451920643018,,
1704996000,3291.523515514348,,
1704999600,3290.6292924363065,,
1705032000,3288.54005613957,3143.2926570242093,3094.5131376560525
1705035600,3281.6446322016686,,
1705039200,3283.836797833545,,
1705042800,3295.906404964982,3173.4310440353215,3124.6515246671647
1705046400,3299.5991962874987,,
1705050000,3306.2200779911404,,
1705053600,3297.1870094309047,,
1705057200,3283.576202128964,,3121.507882111878
1705060800,3291.8080408979968,,
1705064400,3297.8604306366237,,
1705068000,3292.3370489131316,,
1705071600,3295.20689994829,,
1705075200,3293.5000126757377,,
1705078800,3293.1546595660207,,
1705082400,3292.413947195164,,
1705086000,3293.5527815347255,,
1705377600,3269.8395953310314,3147.0401028052074,3104.9086697802272
1705381200,3267.2354493396083,,3101.9011067550173
1705384800,3275.093240650825,3159.084736484984,3113.945740434794
1705388400,3282.0556968156448,3165.1169154613863,3119.977919411196
1705392000,3272.394777059329,3177.2746718099297,3132.1356757597396
1705395600,3265.134647104553,,
1705399200,3283.897592086031,,
1705402800,3273.933788968956,,
1705406400,3263.776276255611,,
1705410000,3264.7634372155535,,
1705413600,3267.5747563362,,
1705417200,3276.42625131273,,
1705420800,3278.2854282086428,,
1705424400,3277.4412397050232,,
1705428000,3277.8044826812184,,
1705431600,3275.4665035311064,,
1705464000,3254.526855861927,,
1705467600,3251.7082802036407,,
1705471200,3257.4349530724917,,
1705474800,3258.3759712955816,,
1705478400,3243.7897995915023,,
1705482000,3246.1371531535565,,
1705485600,3249.7118322129254,,
1705489200,3253.9091144330678,,
1705492800,3247.5109941532382,,
1705496400,3241.6147940907917,3174.145616446316,3125.890364657951
1705500000,3246.9693429097606,,
1705503600,3253.2146071946395,,
1705507200,3253.3018653295394,,
1705510800,3251.039239210989,,
1705514400,3249.3468792842273,,
1705518000,3247.438517440313,,
1705550400,3263.569276094842,,
1705554000,3266.6415167920522,3180.1481718903246,3131.8929201019596
1705557600,3277.9372888703124,,
1705561200,3277.925488371916,,
1705564800,3272.910570089881,,
1705568400,3264.817320003336,,
1705572000,3256.9486398416534,3176.983609065596,
1705575600,3262.3403468253377,,
1705579200,3254.2793380198195,3173.9556268646716,
1705582800,3256.477253309946,,
1705586400,3268.4286475279464,,
1705590000,3274.516571846812,,
1705593600,3273.187129643892,,
1705597200,3270.745909611458,,
1705600800,3272.813283624712,,
1705604400,3275.61983982707,,
1705636800,3282.949932998915,3191.6070608209247,3162.880620330724
1705640400,3288.6085016213833,3225.231209721989,3193.096937731479
1705644000,3296.882367838817,3270.3193178869183,3236.314918389119
1705647600,3293.8818229390504,,
1705651200,3287.873383084879,,
1705654800,3289.4222150020046,,
1705658400,3288.252724470674,,
1705662000,3291.032495469588,,
1705665600,3302.356757496245,,
1705669200,3311.931103548417,3276.3602519142078,3242.3558524164087
1705672800,3319.386788458661,3293.691131930692,3266.750097081297
1705676400,3322.2190302519502,,
1705680000,3320.940485656745,,
1705683600,3319.618217090303,,
1705687200,3318.875308292836,,
1705690800,3319.5274591552247,,
1705896000,3335.619658688637,,
1705899600,3334.762122035686,,
1705903200,3334.171112919266,,
1705906800,3337.3413773056554,,
1705910400,3332.3620303554953,,
1705914000,3348.1267027632953,,
1705917600,3319.522964248225,,
1705921200,3323.177403079969,,
1705924800,3318.83732177198,,
1705928400,3318.848078935731,,
1705932000,3315.007548302784,,3264.3789903109177
1705935600,3316.3730421872,,
1705939200,3315.0241498379637,,
1705942800,3314.5447634573757,,
1705946400,3316.2221044876687,,
1705950000,3317.136470791917,,
1705982400,3318.0412610173535,,
1705986000,3316.6638464306666,,
1705989600,3323.166147672823,,
1705993200,3320.720133424364,,
1705996800,3324.0277284372514,,
1706000400,3328.8829100326907,,
1706004000,3321.4382394092354,,
1706007600,3324.1340150002334,,
1706011200,3325.565820071549,,
1706014800,3325.1390896803864,,
1706018400,3327.0785220933612,,
1706022000,3331.4548864773133,,
1706025600,3336.7891583404917,,
1706029200,3335.4050371445232,,
1706032800,3340.690799128651,,
1706036400,3341.1937744872894,,
1706068800,3348.035752952861,,
1706072400,3345.656165240944,,
1706076000,3348.035618291111,,
1706079600,3346.0677269057924,,
1706083200,3346.0903754182423,,
1706086800,3339.0015055244953,,
1706090400,3345.793157323689,,
1706094000,3349.133360125769,,
1706097600,3349.366245070024,,
1706101200,3343.6729799689283,,
1706104800,3338.0174721740323,,
1706108400,3332.400526624883,,
1706112000,3347.688524889352,,3260.697255885074
1706115600,3360.4702413969926,,
1706119200,3356.8169411717813,,
1706122800,3358.1646114591276,,
1706155200,3346.5862062712504,,
1706158800,3343.401407822081,,
1706162400,3349.2465714808477,,
1706166000,3341.5726343495,3290.167955491265,3256.610786041767
1706169600,3346.5568831853793,,
1706173200,3378.5431749156505,3286.945508009827,3253.026700918732
1706176800,3374.1436220007477,3268.395421317124,3228.8074251008834
1706180400,3375.877935382081,,
1706184000,3355.589756039026,,
1706187600,3344.081731740528,,
1706191200,3344.4906396925553,,
1706194800,3352.0932078262467,,
1706198400,3351.273661284773,,
1706202000,3292.950023720512,,
1706205600,3346.3747741510424,,
1706209200,3345.5154513744237,,
1706241600,3348.371079227792,,
1706245200,3349.4711120478523,,
1706248800,3352.256972678137,,
1706252400,3357.8939899564975,,
1706256000,3361.6055054889835,,
1706259600,3355.743587207205,,
1706263200,3358.925152300944,,
1706266800,3361.2694035042077,,
1706270400,3344.5360101342294,,
1706274000,3339.248393333886,,
1706277600,3343.412866276866,,
1706281200,3343.3900087789316,,
1706284800,3340.5469116360896,,
1706288400,3341.371784141722,,
1706292000,3342.8798926383033,,
1706295600,3344.8202678024695,,
1706500800,3347.353269316733,,
1706504400,3349.1251120039688,,
1706508000,3349.6756561027078,,
1706511600,3351.2088308144266,,
1706515200,3347.6202437166676,,
1706518800,3343.043884493095,,
1706522400,3343.9476213469684,,
1706526000,3349.8172404833913,,
1706529600,3348.2303144278635,,
1706533200,3351.0212363191413,,
1706536800,3354.704208210347,,
1706540400,3372.5984466632385,,
1706544000,3372.78439561293,,
1706547600,3375.2862361220255,,
1706551200,3377.536782807812,,
1706554800,3377.9869523925013,,
1706587200,3378.4763243862417,,
1706590800,3381.0915140581787,,
1706594400,3381.8085587408864,,
1706598000,3380.0660060043692,,
1706601600,3378.754313838711,,
1706605200,3384.824882491233,,
1706608800,3379.5127373896644,3291.5931480252743,3258.9846934359434
1706612400,3378.6112181926783,3297.716719233183,3271.228116373671
1706616000,3367.193404899715,,
1706619600,3370.0379365907693,,
1706623200,3375.9033110247988,,
1706626800,3377.1375034562675,,
1706630400,3355.7376450740103,,
1706634000,3345.230311602083,,
1706637600,3351.3955294043662,,
1706641200,3360.7125781290392,,
1706673600,3354.4253156649656,,
1706677200,3351.1798216196453,,
1706680800,3356.7844923908065,,
1706684400,3362.880472628033,,
1706688000,3353.634986903661,,
1706691600,3355.1283846339206,,
1706695200,3353.1691313457504,,
1706698800,3348.019173727765,,
1706702400,3345.347182018297,,
1706706000,3343.1315032034204,,
1706709600,3336.865474132856,,
1706713200,3304.9714720479415,,
1706716800,3308.9647723282164,,
1706720400,3309.3764778917075,,
1706724000,3313.5563978794753,,
1706727600,3316.4506938714135,,
1706760000,3321.501599834118,,
1706763600,3325.421723461273,,
1706767200,3325.7465873002852,,
1706770800,3326.845169742173,,
1706774400,3321.196177203481,,
1706778000,3325.4479711388008,,
1706781600,3305.9961203174885,,
1706785200,3315.732605192977,,
1706788800,3328.0695391275567,,
1706792400,3323.873117489365,,
1706796000,3334.0878519769863,,
1706799600,3336.5610926346358,,
1706803200,3338.643005632235,,
1706806800,3325.9971245612123,,
1706810400,3330.108710772282,,
1706814000,3331.296030929093,,
1706846400,3326.8087190540073,,
1706850000,3324.0585539683193,,
1706853600,3327.5421505022505,,
1706857200,3326.033458883964,,
1706860800,3305.741630475764,,
1706864400,3309.7826438460315,,
1706868000,3322.3229396208862,,
1706871600,3326.946339173213,,
1706875200,3329.6645781840434,,
1706878800,3342.9579161727,,
1706882400,3351.638418011237,,
1706886000,3336.8403135346575,,
1706889600,3334.3115356468925,,
1706893200,3336.075083379299,,
1706896800,3334.7125733122343,,
1706900400,3333.6726775748966,,
1707105600,3328.2594215963777,,
1707109200,3332.6015506278654,,
1707112800,3332.6348372051007,,
1707116400,3337.2203921361656,,
1707120000,3326.236425510458,,
1707123600,3312.9133948034523,,
1707127200,3287.1547089246815,,
1707130800,3301.8354485471314,,
1707134400,3313.1642483567825,,
1707138000,3310.9982815338167,,
1707141600,3314.275831377935,,
1707145200,3305.50416210005,,
1707148800,3306.018039776159,,
1707152400,3305.6238779070486,,
1707156000,3304.427052989788,,
1707159600,3304.7910635253565,,
1707192000,3301.852371693223,,
1707195600,3301.0323645124104,,
1707199200,3297.572665926421,,
1707202800,3295.8250529690586,,
1707206400,3303.524119302749,,
1707210000,3324.891474210864,,
1707213600,3326.916220278131,,
1707217200,3321.1352588519853,,
1707220800,3323.1383632329316,,
1707224400,3324.995189238126,,
1707228000,3324.719134573825,,
1707231600,3335.2400877505324,,
1707235200,3335.109083573561,,
1707238800,3332.1981696589933,,
1707242400,3333.924709527705,,
1707246000,3334.684946221093,,
1707278400,3339.7486400182156,,
1707282000,3339.6337102465445,,
1707285600,3339.8980188008627,,
1707289200,3341.891669348662,,
1707292800,3351.806442813011,,
1707296400,3337.967055746383,,
1707300000,3346.4166149148996,,
1707303600,3349.7650918903487,,
1707307200,3357.9678347022145,,
1707310800,3364.0751754241683,,
1707314400,3361.884809187423,,
1707318000,3362.6092070357854,,
1707321600,3362.315019812381,,
1707325200,3357.4054066287445,,
1707328800,3354.8264657283653,,
1707332400,3356.0617193058465,,
1707364800,3360.082871576714,,
1707368400,3355.501342653793,,
1707372000,3353.5374502540394,,
1707375600,3356.604897384499,,
1707379200,3360.481610015546,,
1707382800,3355.7286112597717,,
1707386400,3354.9542297572148,,
1707390000,3353.240420442887,,
1707393600,3351.4677937486254,,
1707397200,3359.8612997398773,,
1707400800,3359.828819251493,,
1707404400,3363.3464169311874,,
1707408000,3363.8191684096446,,
1707411600,3361.1225970341516,,
1707415200,3361.5704846544095,,
1707418800,3362.6499663332174,,
1707451200,3367.256966085756,,
1707454800,3368.8981022718754,,
1707458400,3370.910386226829,,
1707462000,3374.3648774260128,,
1707465600,3376.58278212014,,
1707469200,3384.021001502722,,
1707472800,3383.398840214591,,
1707476400,3380.4484506639305,,
1707480000,3388.9054091296853,,
1707483600,3392.5022814377103,,
1707487200,3392.847149410114,,
1707490800,3394.1153465059324,,
1707494400,3392.804832533911,,
1707498000,3394.4276011487514,,
1707501600,3392.549428627509,,
1707505200,3392.7429479203843,,
1707710400,3394.1519598904897,,
1707714000,3396.401090897736,,
1707717600,3394.431924496855,,
1707721200,3392.3309008411234,,
1707724800,3387.964351776058,,
1707728400,3393.7388364490384,,
1707732000,3394.6474434387173,,
1707735600,3398.855042920935,,
1707739200,3395.0849254072705,,
1707742800,3393.719436048711,,
1707746400,3380.96464721503,,
1707750000,3386.214143684669,,
1707753600,3382.8567067720446,,
1707757200,3381.59576501823,,
1707760800,3381.2463532955103,,
1707764400,3379.6751011555707,,
1707796800,3368.3794616773325,,
1707800400,3367.4989822462217,,
1707804000,3365.7222312202325,,
1707807600,3362.815167227622,,
1707811200,3333.1605340847495,,
1707814800,3335.0829236292047,,
1707818400,3337.8243551781325,,
1707822000,3339.6842043081197,,
1707825600,3336.6079650782394,,
1707829200,3332.7622777840447,,
1707832800,3316.776658152315,,
1707836400,3333.161781972573,,
1707840000,3334.7512253509135,,
1707843600,3337.1845763579195,,
1707847200,3334.705161258747,,
1707850800,3334.897328047404,,
1707883200,3351.350116816124,,
1707886800,3350.6209162388936,,
1707890400,3348.5711962500127,,
1707894000,3350.263301495711,,
1707897600,3343.875216889222,,
1707901200,3335.3908613499866,,
1707904800,3327.762535083318,,
1707908400,3327.1245539950532,,
1707912000,3333.906740766459,,
1707915600,3336.9050167483874,,
1707919200,3337.4495805694255,,
1707922800,3355.817058252724,,
1707926400,3359.011388764436,,
1707930000,3358.458356401945,,
1707933600,3360.4304341360926,,
1707937200,3359.3952043182962,,
1707969600,3360.044508653399,,
1707973200,3358.2050611012914,,
1707976800,3357.0362399630226,,
1707980400,3364.021065241253,,
1707984000,3361.408899173467,,
1707987600,3371.2717815805736,,
1707991200,3367.7885444255735,,
1707994800,3371.9340423718504,,
1707998400,3377.359789796927,,
1708002000,3382.9231958477003,,
1708005600,3386.1979529351156,,
1708009200,3398.591091654197,,
1708012800,3402.8900302932175,,
1708016400,3401.802515775745,,
1708020000,3404.371650013736,,
1708023600,3402.719344002121,,
1708056000,3408.1260137579366,,
1708059600,3412.384372775898,,
1708063200,3406.8711669111026,,
1708066800,3402.8004766789936,,
1708070400,3390.768654941474,,
1708074000,3362.412502406847,,
1708077600,3371.8925671724664,,
1708081200,3382.7360268365237,,
1708084800,3377.128032319454,,
1708088400,3381.311072749009,,
1708092000,3375.372914242411,,
1708095600,3375.589075237828,,
1708099200,3372.9163148503103,,
1708102800,3373.4048482600715,,
1708106400,3373.0277643336995,,
1708110000,3371.0235984371766,,
1708401600,3358.724227527407,,
1708405200,3353.278776277077,,
1708408800,3357.1291499642684,,
1708412400,3361.4417728778444,,
1708416000,3364.403558998646,,
1708419600,3345.1260949605603,,
1708423200,3343.779842757952,,
1708426800,3338.72139149717,,
1708430400,3332.5243928647606,,
1708434000,3336.941557189859,,
1708437600,3340.8549270690573,,
1708441200,3346.0132281214237,,
1708444800,3344.2379744572354,,
1708448400,3340.0588855699334,,
1708452000,3342.7869120965674,,
1708455600,3340.6830054715906,,
1708488000,3336.0016885895775,,
1708491600,3340.6596629220876,,
1708495200,3339.2508488526582,,
1708498800,3335.779432873281,,
1708502400,3335.0248213451996,,
1708506000,3342.3161893114197,,
1708509600,3342.180863740642,,
1708513200,3342.1738775115605,,
1708516800,3343.095027918982,,
1708520400,3342.352091696217,,
1708524000,3330.9969015316237,,
1708527600,3350.1285676339594,,
1708531200,3355.1995718365265,,
1708534800,3355.90231562756,,
1708538400,3359.577124243345,,
1708542000,3365.775579484553,,
1708574400,3379.074481998737,,
1708578000,3379.672648469684,,
1708581600,3382.0843372438794,,
1708585200,3376.4191104574306,,
1708588800,3376.4347981732817,,
1708592400,3380.689215343582,,
1708596000,3373.397342353429,,
1708599600,3371.9076022119225,,
1708603200,3381.989440351672,,
1708606800,3388.829974594568,,
1708610400,3391.027984146468,,
1708614000,3397.982720489372,,
1708617600,3394.618278901184,,
1708621200,3391.897444509779,,
1708624800,3396.5063713902973,,
1708628400,3391.0803053537697,,
1708660800,3391.303850093576,,
1708664400,3392.5090927033034,,
1708668000,3395.5415023865194,,
1708671600,3398.98764611358,,
1708675200,3400.9821079940302,,
1708678800,3413.8067784922246,,
1708682400,3408.5396380176594,,
1708686000,3398.9148728251885,,
1708689600,3398.515094162841,,
1708693200,3395.9258811149825,,
1708696800,3394.745147319193,,
1708700400,3391.020919129448,,
1708704000,3388.7067661930696,,
1708707600,3387.52345215253,,
1708711200,3386.3907394175976,,
1708714800,3386.991749989887,3450.309527101788,3428.254543542807
